ID,Gender,Race,Ethnicity,Age,Income
1096,Male,Black or African American (HUD),Non-Hispanic/Non-Latino (HUD),60.666666666666664,1015.0
1097,Male,Black or African American (HUD),Non-Hispanic/Non-Latino (HUD),58.0,748.0
2054,Female,White (HUD),Non-Hispanic/Non-Latino (HUD),63.31818181818182,524.6666666666666
2142,Male,Black or African American (HUD),Non-Hispanic/Non-Latino (HUD),62.333333333333336,998.0
2416,Male,Black or African American (HUD),Non-Hispanic/Non-Latino (HUD),48.333333333333336,1200.0
2458,Male,Black or African American (HUD),Non-Hispanic/Non-Latino (HUD),42.666666666666664,750.0
2465,Male,Black or African American (HUD),Non-Hispanic/Non-Latino (HUD),55.0,772.0
4064,Male,Black or African American (HUD),Non-Hispanic/Non-Latino (HUD),47.0,800.0
4201,Female,Black or African American (HUD),Non-Hispanic/Non-Latino (HUD),50.0,610.0
4347,Male,Black or African American (HUD),Non-Hispanic/Non-Latino (HUD),64.0,1074.0
6597,Male,Black or African American (HUD),Non-Hispanic/Non-Latino (HUD),54.0,144.0
8993,Male,Black or African American (HUD),Non-Hispanic/Non-Latino (HUD),67.0,1300.0
9273,Male,Black or African American (HUD),Non-Hispanic/Non-Latino (HUD),50.5,3200.0
9647,Male,Black or African American (HUD),Non-Hispanic/Non-Latino (HUD),64.0,735.0
9728,Female,White (HUD),Non-Hispanic/Non-Latino (HUD),54.0,650.0
10619,Male,Black or African American (HUD),Non-Hispanic/Non-Latino (HUD),50.0,742.0
15513,Male,Black or African American (HUD),Non-Hispanic/Non-Latino (HUD),47.0,850.0
16664,Male,Black or African American (HUD),Non-Hispanic/Non-Latino (HUD),63.0,734.0
19229,Male,Black or African American (HUD),Non-Hispanic/Non-Latino (HUD),45.0,800.0
19369,Male,Black or African American (HUD),Non-Hispanic/Non-Latino (HUD),70.0,1000.0
19938,Male,Black or African American (HUD),Non-Hispanic/Non-Latino (HUD),40.5,714.2857142857143
26624,Male,Black or African American (HUD),Non-Hispanic/Non-Latino (HUD),60.0,1200.0
67161,Female,White (HUD),Non-Hispanic/Non-Latino (HUD),58.0,733.0
67408,Male,Black or African American (HUD),Non-Hispanic/Non-Latino (HUD),54.0,814.0
67950,Male,Black or African American (HUD),Non-Hispanic/Non-Latino (HUD),56.0,750.0
70856,Male,Black or African American (HUD),Non-Hispanic/Non-Latino (HUD),55.75,760.0
71472,Male,Black or African American (HUD),Non-Hispanic/Non-Latino (HUD),52.0,376.5
72612,Male,Black or African American (HUD),Non-Hispanic/Non-Latino (HUD),56.0,750.0
73679,Male,White (HUD),Non-Hispanic/Non-Latino (HUD),52.0,735.0
75599,Male,Black or African American (HUD),Non-Hispanic/Non-Latino (HUD),49.666666666666664,1200.0
75600,Male,Black or African American (HUD),Non-Hispanic/Non-Latino (HUD),40.5,1500.0
75972,Male,Black or African American (HUD),Non-Hispanic/Non-Latino (HUD),50.0,771.0
81173,Male,Black or African American (HUD),Non-Hispanic/Non-Latino (HUD),50.0,850.0
81556,Male,Black or African American (HUD),Non-Hispanic/Non-Latino (HUD),53.0,660.0
82986,Male,Black or African American (HUD),Non-Hispanic/Non-Latino (HUD),38.0,960.0
83289,Male,Black or African American (HUD),Non-Hispanic/Non-Latino (HUD),65.0,825.0
84223,Male,Black or African American (HUD),Non-Hispanic/Non-Latino (HUD),48.0,733.7142857142857
88229,Female,White (HUD),Non-Hispanic/Non-Latino (HUD),50.0,740.0
88294,Male,White (HUD),Non-Hispanic/Non-Latino (HUD),61.5,936.5
90711,Male,Black or African American (HUD),Non-Hispanic/Non-Latino (HUD),63.0,800.0
91355,Male,Black or African American (HUD),Non-Hispanic/Non-Latino (HUD),32.0,691.0
95125,Female,Black or African American (HUD),Non-Hispanic/Non-Latino (HUD),55.0,733.0
96427,Male,Black or African American (HUD),Non-Hispanic/Non-Latino (HUD),66.0,3500.0
96440,Female,Black or African American (HUD),Non-Hispanic/Non-Latino (HUD),20.0,600.0
97518,Male,Black or African American (HUD),Non-Hispanic/Non-Latino (HUD),58.0,639.0
98566,Male,Black or African American (HUD),Non-Hispanic/Non-Latino (HUD),61.0,761.0
98579,Male,Black or African American (HUD),Non-Hispanic/Non-Latino (HUD),56.5,759.5
100388,Male,White (HUD),Non-Hispanic/Non-Latino (HUD),72.0,720.0
103533,Male,Black or African American (HUD),Non-Hispanic/Non-Latino (HUD),56.857142857142854,700.0
103591,Male,Black or African American (HUD),Non-Hispanic/Non-Latino (HUD),50.0,733.0
104087,Male,Black or African American (HUD),Non-Hispanic/Non-Latino (HUD),56.9,630.7692307692307
106490,Male,Black or African American (HUD),Non-Hispanic/Non-Latino (HUD),53.0,730.0
106968,Male,Black or African American (HUD),Non-Hispanic/Non-Latino (HUD),53.5,771.0
108279,Male,Black or African American (HUD),Non-Hispanic/Non-Latino (HUD),48.833333333333336,600.0
109242,Male,Black or African American (HUD),Non-Hispanic/Non-Latino (HUD),42.0,658.0
109426,Male,Black or African American (HUD),Non-Hispanic/Non-Latino (HUD),52.285714285714285,943.7333333333333
110192,Male,Black or African American (HUD),Non-Hispanic/Non-Latino (HUD),57.0,755.0
110517,Male,Black or African American (HUD),Non-Hispanic/Non-Latino (HUD),52.0,312.0
110973,Male,Black or African American (HUD),Non-Hispanic/Non-Latino (HUD),41.333333333333336,900.0
111217,Male,Black or African American (HUD),Non-Hispanic/Non-Latino (HUD),54.0,740.0
113675,Female,White (HUD),Non-Hispanic/Non-Latino (HUD),41.0,2640.0
115069,Male,Black or African American (HUD),Non-Hispanic/Non-Latino (HUD),62.0,619.3333333333334
118116,Male,Black or African American (HUD),Non-Hispanic/Non-Latino (HUD),57.333333333333336,1000.0
120098,Male,Black or African American (HUD),Non-Hispanic/Non-Latino (HUD),74.5,763.0
120580,Male,Black or African American (HUD),Non-Hispanic/Non-Latino (HUD),69.0,1005.5
123044,Female,Black or African American (HUD),Non-Hispanic/Non-Latino (HUD),48.0,1600.0
123153,Male,Black or African American (HUD),Non-Hispanic/Non-Latino (HUD),46.0,733.0
123882,Male,Black or African American (HUD),Non-Hispanic/Non-Latino (HUD),67.6,1016.0
124181,Male,Black or African American (HUD),Non-Hispanic/Non-Latino (HUD),49.5,1800.0
124396,Female,Black or African American (HUD),Non-Hispanic/Non-Latino (HUD),35.0,800.0
124639,Male,Black or African American (HUD),Non-Hispanic/Non-Latino (HUD),42.0,1133.3333333333333
127418,Male,Black or African American (HUD),Non-Hispanic/Non-Latino (HUD),63.0,1000.0
128052,Male,Black or African American (HUD),Non-Hispanic/Non-Latino (HUD),45.666666666666664,735.0
128245,Female,White (HUD),Non-Hispanic/Non-Latino (HUD),50.0,704.0
129902,Male,Black or African American (HUD),Non-Hispanic/Non-Latino (HUD),50.0,1000.0
130335,Female,Black or African American (HUD),Non-Hispanic/Non-Latino (HUD),48.0,733.0
130576,Male,Black or African American (HUD),Non-Hispanic/Non-Latino (HUD),47.0,1000.0
130671,Male,Black or African American (HUD),Non-Hispanic/Non-Latino (HUD),56.714285714285715,736.6666666666666
130847,Female,White (HUD),Non-Hispanic/Non-Latino (HUD),49.0,805.0
133240,Male,Black or African American (HUD),Non-Hispanic/Non-Latino (HUD),58.0,800.0
133362,Male,Black or African American (HUD),Non-Hispanic/Non-Latino (HUD),53.0,664.0
133428,Male,Black or African American (HUD),Non-Hispanic/Non-Latino (HUD),38.5,400.0
133728,Male,Black or African American (HUD),Non-Hispanic/Non-Latino (HUD),47.0,800.0
134851,Male,Black or African American (HUD),Non-Hispanic/Non-Latino (HUD),53.5,620.0
135019,Female,White (HUD),Non-Hispanic/Non-Latino (HUD),65.0,822.0
135107,Female,Black or African American (HUD),Non-Hispanic/Non-Latino (HUD),62.0,733.0
139570,Female,Black or African American (HUD),Non-Hispanic/Non-Latino (HUD),35.0,733.0
140619,Male,Black or African American (HUD),Hispanic/Latino (HUD),52.0,886.0
141979,Male,Black or African American (HUD),Non-Hispanic/Non-Latino (HUD),65.0,237.0
143061,Male,Black or African American (HUD),Non-Hispanic/Non-Latino (HUD),60.3,1450.0
143887,Female,White (HUD),Non-Hispanic/Non-Latino (HUD),60.0,350.0
146403,Female,Black or African American (HUD),Non-Hispanic/Non-Latino (HUD),51.0,1442.0
147114,Female,White (HUD),Non-Hispanic/Non-Latino (HUD),40.0,674.0
147927,Male,Black or African American (HUD),Non-Hispanic/Non-Latino (HUD),27.333333333333332,751.0
147955,Female,Black or African American (HUD),Non-Hispanic/Non-Latino (HUD),45.0,500.0
149513,Male,Black or African American (HUD),Non-Hispanic/Non-Latino (HUD),60.333333333333336,966.6666666666666
149595,Male,Black or African American (HUD),Non-Hispanic/Non-Latino (HUD),44.0,680.0
152288,Female,Black or African American (HUD),Hispanic/Latino (HUD),34.0,619.0
152503,Female,White (HUD),Non-Hispanic/Non-Latino (HUD),40.25,753.0
153907,Female,White (HUD),Non-Hispanic/Non-Latino (HUD),55.0,801.0
154253,Male,White (HUD),Non-Hispanic/Non-Latino (HUD),49.0,377.5
154406,Male,Black or African American (HUD),Non-Hispanic/Non-Latino (HUD),63.0,640.0
157427,Female,Black or African American (HUD),Non-Hispanic/Non-Latino (HUD),51.0,735.0
158747,Male,Black or African American (HUD),Non-Hispanic/Non-Latino (HUD),27.0,1550.0
158981,Male,Black or African American (HUD),Non-Hispanic/Non-Latino (HUD),55.111111111111114,700.0
159188,Male,Black or African American (HUD),Non-Hispanic/Non-Latino (HUD),51.0,788.0
159422,Male,Black or African American (HUD),Non-Hispanic/Non-Latino (HUD),59.0,738.0
159852,Male,Black or African American (HUD),Non-Hispanic/Non-Latino (HUD),56.8,771.0
160327,Male,Black or African American (HUD),Non-Hispanic/Non-Latino (HUD),55.0,733.0
160833,Male,Black or African American (HUD),Non-Hispanic/Non-Latino (HUD),57.0,786.0
160859,Male,American Indian or Alaska Native (HUD),Hispanic/Latino (HUD),53.0,820.0
161265,Male,Black or African American (HUD),Non-Hispanic/Non-Latino (HUD),52.4,1200.0
162032,Male,Black or African American (HUD),Non-Hispanic/Non-Latino (HUD),38.5,700.0
162085,Male,Black or African American (HUD),Non-Hispanic/Non-Latino (HUD),59.0,771.0
162560,Male,Black or African American (HUD),Non-Hispanic/Non-Latino (HUD),64.0,507.0
162631,Male,Black or African American (HUD),Non-Hispanic/Non-Latino (HUD),60.0,760.0
162677,Female,Black or African American (HUD),Non-Hispanic/Non-Latino (HUD),48.0,733.0
164096,Male,Black or African American (HUD),Non-Hispanic/Non-Latino (HUD),66.0,903.0
164121,Male,Black or African American (HUD),Non-Hispanic/Non-Latino (HUD),60.0,1033.3333333333333
164357,Female,Black or African American (HUD),Non-Hispanic/Non-Latino (HUD),50.5,734.0
164980,Female,White (HUD),Non-Hispanic/Non-Latino (HUD),46.0,772.0
165623,Male,Black or African American (HUD),Non-Hispanic/Non-Latino (HUD),55.75,745.6666666666666
165730,Male,Black or African American (HUD),Non-Hispanic/Non-Latino (HUD),51.5,738.6666666666666
166240,Female,Black or African American (HUD),Non-Hispanic/Non-Latino (HUD),55.0,750.0
166411,Male,White (HUD),Non-Hispanic/Non-Latino (HUD),31.0,350.0
166457,Male,Black or African American (HUD),Non-Hispanic/Non-Latino (HUD),52.2,1800.0
167253,Female,Black or African American (HUD),Non-Hispanic/Non-Latino (HUD),45.666666666666664,900.0
167439,Male,Black or African American (HUD),Non-Hispanic/Non-Latino (HUD),64.22222222222223,937.0
167781,Male,Black or African American (HUD),Non-Hispanic/Non-Latino (HUD),59.0,1365.0
167802,Male,Black or African American (HUD),Non-Hispanic/Non-Latino (HUD),71.0,918.0
167874,Male,White (HUD),Non-Hispanic/Non-Latino (HUD),27.0,1200.0
167911,Male,Black or African American (HUD),Non-Hispanic/Non-Latino (HUD),64.8,2935.6
167933,Male,White (HUD),Non-Hispanic/Non-Latino (HUD),46.0,800.0
168456,Male,Black or African American (HUD),Non-Hispanic/Non-Latino (HUD),44.666666666666664,2000.0
168634,Male,Black or African American (HUD),Non-Hispanic/Non-Latino (HUD),61.0,665.0
168637,Male,Black or African American (HUD),Non-Hispanic/Non-Latino (HUD),57.0,1166.6666666666667
168762,Male,Black or African American (HUD),Non-Hispanic/Non-Latino (HUD),30.5,511.0
168881,Male,Black or African American (HUD),Non-Hispanic/Non-Latino (HUD),56.0,376.5
169008,Female,Black or African American (HUD),Non-Hispanic/Non-Latino (HUD),59.5,733.0
169182,Male,Black or African American (HUD),Non-Hispanic/Non-Latino (HUD),36.0,600.0
169422,Male,Black or African American (HUD),Non-Hispanic/Non-Latino (HUD),32.81818181818182,406.15
169426,Male,Black or African American (HUD),Non-Hispanic/Non-Latino (HUD),63.0,652.0
169498,Male,Black or African American (HUD),Non-Hispanic/Non-Latino (HUD),57.0,90.0
169662,Male,Black or African American (HUD),Non-Hispanic/Non-Latino (HUD),40.0,674.0
171340,Male,Black or African American (HUD),Non-Hispanic/Non-Latino (HUD),58.0,219.0
171435,Male,Black or African American (HUD),Non-Hispanic/Non-Latino (HUD),52.0,707.0
171448,Male,Black or African American (HUD),Non-Hispanic/Non-Latino (HUD),63.25,480.625
172046,Male,Black or African American (HUD),Non-Hispanic/Non-Latino (HUD),55.0,733.0
172231,Male,Black or African American (HUD),Non-Hispanic/Non-Latino (HUD),50.0,798.0
172434,Male,White (HUD),Non-Hispanic/Non-Latino (HUD),61.0,1127.0
172627,Female,White (HUD),Non-Hispanic/Non-Latino (HUD),24.0,733.0
172864,Female,Black or African American (HUD),Non-Hispanic/Non-Latino (HUD),24.333333333333332,1100.0
172866,Female,Black or African American (HUD),Non-Hispanic/Non-Latino (HUD),31.875,1200.0
172878,Male,Black or African American (HUD),Non-Hispanic/Non-Latino (HUD),55.333333333333336,900.0
173408,Male,White (HUD),Non-Hispanic/Non-Latino (HUD),34.0,100.0
173477,Male,White (HUD),Non-Hispanic/Non-Latino (HUD),67.0,1200.0
173479,Male,White (HUD),Non-Hispanic/Non-Latino (HUD),59.0,2136.0
173498,Male,Black or African American (HUD),Non-Hispanic/Non-Latino (HUD),59.0,1244.5
173737,Female,Black or African American (HUD),Non-Hispanic/Non-Latino (HUD),31.4,480.0
174737,Male,Black or African American (HUD),Non-Hispanic/Non-Latino (HUD),32.0,760.0
174801,Female,Black or African American (HUD),Non-Hispanic/Non-Latino (HUD),59.0,800.0
174821,Female,Black or African American (HUD),Non-Hispanic/Non-Latino (HUD),46.0,1002.0
174922,Female,Black or African American (HUD),Non-Hispanic/Non-Latino (HUD),52.0,721.0
175198,Male,Black or African American (HUD),Non-Hispanic/Non-Latino (HUD),61.0,1379.0
175495,Male,Black or African American (HUD),Non-Hispanic/Non-Latino (HUD),57.5,1000.0
175551,Male,Native Hawaiian or Other Pacific Islander (HUD),Hispanic/Latino (HUD),54.0,1160.0
175906,Male,Black or African American (HUD),Non-Hispanic/Non-Latino (HUD),48.0,1300.0
176430,Female,White (HUD),Non-Hispanic/Non-Latino (HUD),24.0,700.0
176580,Female,Black or African American (HUD),Non-Hispanic/Non-Latino (HUD),46.25,1600.0
176973,Male,Black or African American (HUD),Non-Hispanic/Non-Latino (HUD),50.0,1049.0
177186,Male,Black or African American (HUD),Non-Hispanic/Non-Latino (HUD),44.0,1200.0
177187,Male,White (HUD),Non-Hispanic/Non-Latino (HUD),55.666666666666664,885.0
177232,Female,Black or African American (HUD),Non-Hispanic/Non-Latino (HUD),36.0,650.0
177392,Male,Black or African American (HUD),Non-Hispanic/Non-Latino (HUD),56.0,771.0
177647,Male,White (HUD),Non-Hispanic/Non-Latino (HUD),62.5,1200.0
178324,Female,White (HUD),Non-Hispanic/Non-Latino (HUD),54.333333333333336,730.0
178445,Male,Black or African American (HUD),Non-Hispanic/Non-Latino (HUD),36.0,700.0
178516,Male,Black or African American (HUD),Non-Hispanic/Non-Latino (HUD),55.5,400.0
178701,Male,Black or African American (HUD),Non-Hispanic/Non-Latino (HUD),43.333333333333336,707.0
178760,Female,Black or African American (HUD),Non-Hispanic/Non-Latino (HUD),77.0,1400.0
179356,Male,White (HUD),Non-Hispanic/Non-Latino (HUD),42.0,912.5
179707,Male,Black or African American (HUD),Non-Hispanic/Non-Latino (HUD),35.0,733.0
179960,Male,Black or African American (HUD),Non-Hispanic/Non-Latino (HUD),56.0,700.0
179965,Male,White (HUD),Hispanic/Latino (HUD),48.5,1200.0
180107,Male,White (HUD),Non-Hispanic/Non-Latino (HUD),69.0,984.73
180564,Male,Black or African American (HUD),Non-Hispanic/Non-Latino (HUD),22.0,400.0
180890,Male,Black or African American (HUD),Non-Hispanic/Non-Latino (HUD),48.0,884.0
181293,Male,Black or African American (HUD),Non-Hispanic/Non-Latino (HUD),45.0,2000.0
181716,Male,Black or African American (HUD),Non-Hispanic/Non-Latino (HUD),62.0,747.0
182504,Male,Black or African American (HUD),Non-Hispanic/Non-Latino (HUD),56.0,613.0
183537,Male,Black or African American (HUD),Non-Hispanic/Non-Latino (HUD),48.3,300.0
183775,Female,Black or African American (HUD),Non-Hispanic/Non-Latino (HUD),39.5,1960.0
184122,Female,Black or African American (HUD),Non-Hispanic/Non-Latino (HUD),46.0,1098.0
184123,Female,Black or African American (HUD),Non-Hispanic/Non-Latino (HUD),24.0,270.0
184306,Male,Black or African American (HUD),Non-Hispanic/Non-Latino (HUD),58.0,672.0
184737,Male,Black or African American (HUD),Non-Hispanic/Non-Latino (HUD),26.5,900.0
184832,Male,Black or African American (HUD),Non-Hispanic/Non-Latino (HUD),66.85714285714286,1022.0
184846,Male,Black or African American (HUD),Non-Hispanic/Non-Latino (HUD),50.0,1200.0
185069,Female,Black or African American (HUD),Non-Hispanic/Non-Latino (HUD),41.666666666666664,400.0
185474,Male,Black or African American (HUD),Non-Hispanic/Non-Latino (HUD),40.0,700.0
185515,Male,White (HUD),Non-Hispanic/Non-Latino (HUD),44.666666666666664,1211.111111111111
186593,Male,Black or African American (HUD),Non-Hispanic/Non-Latino (HUD),48.166666666666664,800.0
187276,Male,Black or African American (HUD),Non-Hispanic/Non-Latino (HUD),51.75,733.0
188182,Male,Black or African American (HUD),Non-Hispanic/Non-Latino (HUD),36.0,1300.0
189093,Male,Black or African American (HUD),Non-Hispanic/Non-Latino (HUD),57.0,634.5
189102,Male,Black or African American (HUD),Non-Hispanic/Non-Latino (HUD),58.0,1000.0
189803,Female,Black or African American (HUD),Non-Hispanic/Non-Latino (HUD),44.6,732.0
190363,Male,White (HUD),Non-Hispanic/Non-Latino (HUD),53.0,1500.0
190642,Male,Black or African American (HUD),Non-Hispanic/Non-Latino (HUD),68.0,476.0
190705,Male,Black or African American (HUD),Non-Hispanic/Non-Latino (HUD),64.0,962.5
191565,Male,Black or African American (HUD),Non-Hispanic/Non-Latino (HUD),56.0,771.0
191960,Male,Black or African American (HUD),Non-Hispanic/Non-Latino (HUD),61.5,1037.0
192021,Female,White (HUD),Non-Hispanic/Non-Latino (HUD),45.0,710.0
192056,Male,Black or African American (HUD),Non-Hispanic/Non-Latino (HUD),55.0,733.0
192790,Male,Black or African American (HUD),Non-Hispanic/Non-Latino (HUD),52.666666666666664,2000.0
192832,Male,Black or African American (HUD),Non-Hispanic/Non-Latino (HUD),31.0,3000.0
193575,Male,Black or African American (HUD),Non-Hispanic/Non-Latino (HUD),53.0,1600.0
194645,Male,Black or African American (HUD),Non-Hispanic/Non-Latino (HUD),52.0,385.5
194712,Female,White (HUD),Non-Hispanic/Non-Latino (HUD),53.0,1300.0
194795,Male,Black or African American (HUD),Non-Hispanic/Non-Latino (HUD),31.8,600.0
194903,Male,Black or African American (HUD),Non-Hispanic/Non-Latino (HUD),33.666666666666664,810.0
194922,Male,Black or African American (HUD),Non-Hispanic/Non-Latino (HUD),77.0,805.0
195489,Male,Black or African American (HUD),Non-Hispanic/Non-Latino (HUD),42.55555555555556,1100.0
195816,Female,Black or African American (HUD),Non-Hispanic/Non-Latino (HUD),36.0,733.0
196342,Female,Black or African American (HUD),Non-Hispanic/Non-Latino (HUD),30.0,770.5
197176,Male,Black or African American (HUD),Non-Hispanic/Non-Latino (HUD),49.333333333333336,800.0
198059,Male,White (HUD),Non-Hispanic/Non-Latino (HUD),71.5,620.0
198146,Male,White (HUD),Non-Hispanic/Non-Latino (HUD),42.0,830.0
198302,Male,White (HUD),Non-Hispanic/Non-Latino (HUD),34.0,500.0
198791,Male,Black or African American (HUD),Non-Hispanic/Non-Latino (HUD),37.5,557.1428571428571
198803,Female,Black or African American (HUD),Non-Hispanic/Non-Latino (HUD),45.0,796.0
199086,Female,White (HUD),Non-Hispanic/Non-Latino (HUD),56.8,122.0
199190,Female,Black or African American (HUD),Non-Hispanic/Non-Latino (HUD),48.333333333333336,558.6666666666666
199637,Male,Black or African American (HUD),Non-Hispanic/Non-Latino (HUD),54.0,2000.0
200387,Male,White (HUD),Non-Hispanic/Non-Latino (HUD),44.0,1100.0
200622,Female,Black or African American (HUD),Non-Hispanic/Non-Latino (HUD),56.0,767.5
200794,Male,Black or African American (HUD),Non-Hispanic/Non-Latino (HUD),50.0,750.0
201545,Male,Black or African American (HUD),Non-Hispanic/Non-Latino (HUD),64.5,676.5
201818,Female,Black or African American (HUD),Non-Hispanic/Non-Latino (HUD),27.0,376.5
201868,Female,Black or African American (HUD),Non-Hispanic/Non-Latino (HUD),43.0,750.0
202524,Male,Black or African American (HUD),Non-Hispanic/Non-Latino (HUD),32.5,1000.0
203189,Male,Black or African American (HUD),Non-Hispanic/Non-Latino (HUD),55.5,1680.0
203783,Male,Black or African American (HUD),Hispanic/Latino (HUD),54.0,1000.0
204290,Female,Black or African American (HUD),Non-Hispanic/Non-Latino (HUD),78.75,385.5
204335,Male,Black or African American (HUD),Non-Hispanic/Non-Latino (HUD),33.666666666666664,1400.0
204770,Male,White (HUD),Hispanic/Latino (HUD),44.0,1900.0
205139,Male,Black or African American (HUD),Non-Hispanic/Non-Latino (HUD),57.0,746.0
205165,Male,White (HUD),Non-Hispanic/Non-Latino (HUD),31.0,764.0
205865,Female,Black or African American (HUD),Non-Hispanic/Non-Latino (HUD),48.0,721.0
206814,Male,Black or African American (HUD),Non-Hispanic/Non-Latino (HUD),51.0,795.0
206862,Male,Black or African American (HUD),Non-Hispanic/Non-Latino (HUD),33.0,565.5
206895,Male,White (HUD),Non-Hispanic/Non-Latino (HUD),27.0,733.0
207502,Male,White (HUD),Non-Hispanic/Non-Latino (HUD),58.666666666666664,600.0
207506,Male,Black or African American (HUD),Non-Hispanic/Non-Latino (HUD),59.5,2000.0
207787,Female,Black or African American (HUD),Non-Hispanic/Non-Latino (HUD),37.0,740.0
208659,Female,White (HUD),Non-Hispanic/Non-Latino (HUD),27.0,600.0
208782,Male,White (HUD),Non-Hispanic/Non-Latino (HUD),59.0,557.0
209331,Male,White (HUD),Hispanic/Latino (HUD),57.0,1180.0
209444,Male,Black or African American (HUD),Non-Hispanic/Non-Latino (HUD),64.0,882.0
210475,Male,Black or African American (HUD),Non-Hispanic/Non-Latino (HUD),68.5,664.0
210601,Male,Black or African American (HUD),Non-Hispanic/Non-Latino (HUD),43.0,705.0
211088,Male,Black or African American (HUD),Non-Hispanic/Non-Latino (HUD),42.333333333333336,654.0
211998,Male,Black or African American (HUD),Non-Hispanic/Non-Latino (HUD),38.0,528.0
212660,Male,White (HUD),Non-Hispanic/Non-Latino (HUD),49.0,1060.0
212916,Male,Black or African American (HUD),Non-Hispanic/Non-Latino (HUD),61.0,718.0
213268,Male,Black or African American (HUD),Non-Hispanic/Non-Latino (HUD),61.0,255.5
213477,Male,Black or African American (HUD),Non-Hispanic/Non-Latino (HUD),40.0,800.0
214111,Male,Black or African American (HUD),Non-Hispanic/Non-Latino (HUD),65.0,600.0
214669,Male,Black or African American (HUD),Non-Hispanic/Non-Latino (HUD),26.5,2000.0
215048,Male,Black or African American (HUD),Non-Hispanic/Non-Latino (HUD),40.0,500.0
215080,Male,Black or African American (HUD),Non-Hispanic/Non-Latino (HUD),32.0,600.0
215248,Male,Black or African American (HUD),Non-Hispanic/Non-Latino (HUD),57.0,370.5
215484,Male,Black or African American (HUD),Non-Hispanic/Non-Latino (HUD),38.0,350.0
215739,Female,White (HUD),Non-Hispanic/Non-Latino (HUD),61.0,735.0
215821,Male,Black or African American (HUD),Non-Hispanic/Non-Latino (HUD),44.0,800.0
216598,Male,Black or African American (HUD),Non-Hispanic/Non-Latino (HUD),44.4,367.0
216983,Female,Black or African American (HUD),Non-Hispanic/Non-Latino (HUD),50.0,1000.0
217257,Male,Black or African American (HUD),Non-Hispanic/Non-Latino (HUD),45.8,1000.0
217579,Male,Black or African American (HUD),Non-Hispanic/Non-Latino (HUD),63.666666666666664,1300.0
217680,Female,Black or African American (HUD),Non-Hispanic/Non-Latino (HUD),51.0,1100.0
217728,Male,Black or African American (HUD),Non-Hispanic/Non-Latino (HUD),42.0,600.0
217775,Female,Black or African American (HUD),Non-Hispanic/Non-Latino (HUD),27.0,733.0
217790,Female,Black or African American (HUD),Non-Hispanic/Non-Latino (HUD),52.0,750.0
217836,Male,Black or African American (HUD),Non-Hispanic/Non-Latino (HUD),54.5,1600.0
217907,Male,Black or African American (HUD),Non-Hispanic/Non-Latino (HUD),62.5,840.0
218041,Female,Black or African American (HUD),Non-Hispanic/Non-Latino (HUD),37.0,600.0
218081,Male,Black or African American (HUD),Non-Hispanic/Non-Latino (HUD),48.714285714285715,400.0
218168,Female,Black or African American (HUD),Non-Hispanic/Non-Latino (HUD),30.0,770.0
218171,Male,Black or African American (HUD),Non-Hispanic/Non-Latino (HUD),48.0,733.0
218215,Female,White (HUD),Non-Hispanic/Non-Latino (HUD),46.0,1181.0
218475,Male,Black or African American (HUD),Non-Hispanic/Non-Latino (HUD),46.0,570.0
218579,Female,White (HUD),Non-Hispanic/Non-Latino (HUD),34.0,375.0
219636,Male,Black or African American (HUD),Non-Hispanic/Non-Latino (HUD),44.0,1100.0
219671,Male,Black or African American (HUD),Non-Hispanic/Non-Latino (HUD),59.0,500.0
220296,Female,Black or African American (HUD),Non-Hispanic/Non-Latino (HUD),51.0,1500.0
222730,Male,Black or African American (HUD),Non-Hispanic/Non-Latino (HUD),54.142857142857146,730.0
222747,Male,Black or African American (HUD),Non-Hispanic/Non-Latino (HUD),44.0,479.0
224968,Male,Black or African American (HUD),Non-Hispanic/Non-Latino (HUD),61.0,1400.0
225552,Male,Black or African American (HUD),Non-Hispanic/Non-Latino (HUD),51.0,1440.0
226049,Male,Black or African American (HUD),Non-Hispanic/Non-Latino (HUD),30.0,694.0
226914,Male,Black or African American (HUD),Non-Hispanic/Non-Latino (HUD),44.0,733.0
227088,Male,White (HUD),Non-Hispanic/Non-Latino (HUD),54.0,850.0
227732,Male,Black or African American (HUD),Non-Hispanic/Non-Latino (HUD),62.5,771.0
230111,Male,Black or African American (HUD),Non-Hispanic/Non-Latino (HUD),44.0,150.0
230119,Male,Black or African American (HUD),Non-Hispanic/Non-Latino (HUD),56.0,1600.0
231198,Male,Black or African American (HUD),Non-Hispanic/Non-Latino (HUD),48.4,1200.0
232698,Female,Black or African American (HUD),Non-Hispanic/Non-Latino (HUD),41.0,700.0
232921,Female,Black or African American (HUD),Non-Hispanic/Non-Latino (HUD),58.0,500.0
233199,Male,Black or African American (HUD),Non-Hispanic/Non-Latino (HUD),50.0,2345.0
233619,Male,White (HUD),Hispanic/Latino (HUD),41.666666666666664,1866.6666666666667
248566,Male,Black or African American (HUD),Non-Hispanic/Non-Latino (HUD),50.0,1200.0
248846,Male,Black or African American (HUD),Non-Hispanic/Non-Latino (HUD),47.0,700.0
248984,Female,Black or African American (HUD),Non-Hispanic/Non-Latino (HUD),60.0,674.0
248988,Male,Black or African American (HUD),Non-Hispanic/Non-Latino (HUD),38.0,674.0
249417,Male,Black or African American (HUD),Non-Hispanic/Non-Latino (HUD),46.0,1500.0
249916,Male,Black or African American (HUD),Non-Hispanic/Non-Latino (HUD),49.75,735.0
250273,Male,White (HUD),Non-Hispanic/Non-Latino (HUD),64.0,603.0
251086,Male,Black or African American (HUD),Non-Hispanic/Non-Latino (HUD),33.0,733.0
251488,Male,Black or African American (HUD),Non-Hispanic/Non-Latino (HUD),49.5,1063.5
252170,Female,Black or African American (HUD),Non-Hispanic/Non-Latino (HUD),41.333333333333336,500.0
253473,Male,Black or African American (HUD),Non-Hispanic/Non-Latino (HUD),53.0,855.0
254217,Male,White (HUD),Non-Hispanic/Non-Latino (HUD),33.666666666666664,800.0
254693,Male,Black or African American (HUD),Non-Hispanic/Non-Latino (HUD),44.0,805.3333333333334
257614,Female,White (HUD),Non-Hispanic/Non-Latino (HUD),56.0,956.0
258810,Female,American Indian or Alaska Native (HUD),Non-Hispanic/Non-Latino (HUD),51.375,750.0
259367,Male,Black or African American (HUD),Non-Hispanic/Non-Latino (HUD),39.0,1000.0
260878,Female,White (HUD),Non-Hispanic/Non-Latino (HUD),31.5,700.0
261739,Male,Black or African American (HUD),Non-Hispanic/Non-Latino (HUD),26.0,1113.0
262238,Male,Black or African American (HUD),Non-Hispanic/Non-Latino (HUD),19.0,800.0
264105,Male,Black or African American (HUD),Non-Hispanic/Non-Latino (HUD),49.0,1000.0
265976,Male,Black or African American (HUD),Non-Hispanic/Non-Latino (HUD),46.0,1200.0
266721,Male,Black or African American (HUD),Non-Hispanic/Non-Latino (HUD),54.42857142857143,770.0
267123,Male,Black or African American (HUD),Non-Hispanic/Non-Latino (HUD),25.0,721.0
267315,Female,Black or African American (HUD),Non-Hispanic/Non-Latino (HUD),66.0,376.5
270571,Male,White (HUD),Non-Hispanic/Non-Latino (HUD),31.666666666666668,704.5
270573,Male,Black or African American (HUD),Non-Hispanic/Non-Latino (HUD),56.333333333333336,731.0
270976,Male,Black or African American (HUD),Non-Hispanic/Non-Latino (HUD),49.0,733.0
271290,Male,Black or African American (HUD),Non-Hispanic/Non-Latino (HUD),46.0,750.0
271781,Male,Black or African American (HUD),Non-Hispanic/Non-Latino (HUD),50.5,1000.0
272366,Male,Black or African American (HUD),Non-Hispanic/Non-Latino (HUD),56.0,400.0
272499,Trans Female (MTF or Male to Female),Black or African American (HUD),Non-Hispanic/Non-Latino (HUD),29.0,740.0
272559,Male,Black or African American (HUD),Non-Hispanic/Non-Latino (HUD),68.0,535.0
274376,Male,Black or African American (HUD),Non-Hispanic/Non-Latino (HUD),51.5,2114.5
274547,Male,White (HUD),Non-Hispanic/Non-Latino (HUD),26.0,652.6666666666666
275228,Female,White (HUD),Non-Hispanic/Non-Latino (HUD),29.0,750.0
275690,Male,Black or African American (HUD),Non-Hispanic/Non-Latino (HUD),23.0,711.0
275833,Male,Black or African American (HUD),Non-Hispanic/Non-Latino (HUD),53.0,400.0
275918,Male,Black or African American (HUD),Non-Hispanic/Non-Latino (HUD),50.0,747.4
276087,Male,Black or African American (HUD),Non-Hispanic/Non-Latino (HUD),56.0,2500.0
276269,Male,Black or African American (HUD),Non-Hispanic/Non-Latino (HUD),54.666666666666664,733.0
277444,Female,White (HUD),Non-Hispanic/Non-Latino (HUD),64.0,2240.0
278004,Female,Black or African American (HUD),Non-Hispanic/Non-Latino (HUD),43.0,733.0
278464,Male,Black or African American (HUD),Non-Hispanic/Non-Latino (HUD),54.0,1450.0
279075,Male,White (HUD),Non-Hispanic/Non-Latino (HUD),51.0,800.0
279539,Female,Black or African American (HUD),Non-Hispanic/Non-Latino (HUD),46.0,700.0
279552,Male,Black or African American (HUD),Non-Hispanic/Non-Latino (HUD),46.0,1400.0
279736,Male,Black or African American (HUD),Non-Hispanic/Non-Latino (HUD),33.0,1200.0
280121,Male,Black or African American (HUD),Non-Hispanic/Non-Latino (HUD),53.333333333333336,1529.5555555555557
280135,Male,Black or African American (HUD),Non-Hispanic/Non-Latino (HUD),41.0,1056.0
281041,Male,Black or African American (HUD),Non-Hispanic/Non-Latino (HUD),48.6,1400.0
281380,Male,Black or African American (HUD),Non-Hispanic/Non-Latino (HUD),64.0,1074.0
281794,Male,White (HUD),Non-Hispanic/Non-Latino (HUD),44.5,1360.0
283791,Male,Black or African American (HUD),Non-Hispanic/Non-Latino (HUD),29.0,326.0
284153,Male,Black or African American (HUD),Non-Hispanic/Non-Latino (HUD),26.0,600.0
284328,Male,Black or African American (HUD),Non-Hispanic/Non-Latino (HUD),60.0,943.0
284920,Male,Black or African American (HUD),Non-Hispanic/Non-Latino (HUD),38.0,468.3333333333333
285041,Female,Black or African American (HUD),Non-Hispanic/Non-Latino (HUD),23.0,710.0
285066,Male,Black or African American (HUD),Non-Hispanic/Non-Latino (HUD),50.333333333333336,721.0
285806,Male,Black or African American (HUD),Non-Hispanic/Non-Latino (HUD),23.0,1000.0
286184,Male,White (HUD),Non-Hispanic/Non-Latino (HUD),57.0,1600.0
286400,Female,White (HUD),Non-Hispanic/Non-Latino (HUD),22.25,714.5
286837,Female,Black or African American (HUD),Non-Hispanic/Non-Latino (HUD),49.0,1116.0
287048,Male,White (HUD),Hispanic/Latino (HUD),37.8125,1337.142857142857
287330,Male,Black or African American (HUD),Non-Hispanic/Non-Latino (HUD),52.0,1137.5
287399,Male,Black or African American (HUD),Non-Hispanic/Non-Latino (HUD),42.833333333333336,1384.0
287476,Male,Black or African American (HUD),Non-Hispanic/Non-Latino (HUD),24.0,715.0
287618,Male,Black or African American (HUD),Non-Hispanic/Non-Latino (HUD),47.0,733.0
288078,Male,Black or African American (HUD),Non-Hispanic/Non-Latino (HUD),36.0,733.0
288272,Male,Black or African American (HUD),Non-Hispanic/Non-Latino (HUD),49.166666666666664,1530.0
288686,Female,Black or African American (HUD),Non-Hispanic/Non-Latino (HUD),30.0,600.0
289294,Female,Black or African American (HUD),Non-Hispanic/Non-Latino (HUD),29.25,600.0
289580,Male,Black or African American (HUD),Non-Hispanic/Non-Latino (HUD),20.0,400.0
289783,Male,Black or African American (HUD),Non-Hispanic/Non-Latino (HUD),50.0,2400.0
290465,Male,Black or African American (HUD),Non-Hispanic/Non-Latino (HUD),56.0,667.0
290980,Male,Black or African American (HUD),Non-Hispanic/Non-Latino (HUD),58.0,1290.0
291236,Female,Black or African American (HUD),Non-Hispanic/Non-Latino (HUD),35.0,735.0
291392,Male,Black or African American (HUD),Non-Hispanic/Non-Latino (HUD),56.5,800.0
292185,Male,Black or African American (HUD),Non-Hispanic/Non-Latino (HUD),23.272727272727273,1200.0
293739,Male,Black or African American (HUD),Non-Hispanic/Non-Latino (HUD),58.0,915.0
294203,Male,Black or African American (HUD),Non-Hispanic/Non-Latino (HUD),47.666666666666664,727.0
294651,Female,Black or African American (HUD),Non-Hispanic/Non-Latino (HUD),63.0,1200.0
296552,Male,Black or African American (HUD),Non-Hispanic/Non-Latino (HUD),52.0,767.0
296817,Female,White (HUD),Non-Hispanic/Non-Latino (HUD),39.0,853.0
296887,Male,Black or African American (HUD),Non-Hispanic/Non-Latino (HUD),62.705882352941174,786.5555555555555
298245,Female,Black or African American (HUD),Non-Hispanic/Non-Latino (HUD),30.0,386.0
298422,Male,White (HUD),Non-Hispanic/Non-Latino (HUD),42.0,566.0
299942,Male,Black or African American (HUD),Non-Hispanic/Non-Latino (HUD),54.0,721.0
299943,Male,Black or African American (HUD),Non-Hispanic/Non-Latino (HUD),63.0,950.0
300220,Female,Black or African American (HUD),Non-Hispanic/Non-Latino (HUD),58.0,1156.0
300487,Male,Black or African American (HUD),Non-Hispanic/Non-Latino (HUD),29.0,450.0
301121,Male,Black or African American (HUD),Non-Hispanic/Non-Latino (HUD),40.0,737.25
301301,Male,Black or African American (HUD),Non-Hispanic/Non-Latino (HUD),24.333333333333332,575.0
301864,Male,Black or African American (HUD),Non-Hispanic/Non-Latino (HUD),34.25,2720.0
303733,Male,Black or African American (HUD),Non-Hispanic/Non-Latino (HUD),53.0,1600.0
304942,Male,Black or African American (HUD),Non-Hispanic/Non-Latino (HUD),27.0,1380.0
305161,Male,Black or African American (HUD),Non-Hispanic/Non-Latino (HUD),43.75,753.0
309393,Male,Black or African American (HUD),Non-Hispanic/Non-Latino (HUD),41.0,1500.0
309394,Male,Black or African American (HUD),Non-Hispanic/Non-Latino (HUD),59.0,720.0
309651,Male,Black or African American (HUD),Non-Hispanic/Non-Latino (HUD),26.0,704.0
309677,Female,White (HUD),Non-Hispanic/Non-Latino (HUD),54.0,750.0
311126,Female,Black or African American (HUD),Non-Hispanic/Non-Latino (HUD),35.0,1000.0
311660,Male,Black or African American (HUD),Non-Hispanic/Non-Latino (HUD),47.0,902.0
312758,Male,Black or African American (HUD),Non-Hispanic/Non-Latino (HUD),45.36363636363637,500.0
313400,Female,Black or African American (HUD),Non-Hispanic/Non-Latino (HUD),48.5,600.0
314056,Male,Black or African American (HUD),Non-Hispanic/Non-Latino (HUD),51.0,1040.0
314203,Male,White (HUD),Non-Hispanic/Non-Latino (HUD),66.0,1200.0
314853,Female,White (HUD),Non-Hispanic/Non-Latino (HUD),54.0,1296.0
316494,Male,White (HUD),Non-Hispanic/Non-Latino (HUD),50.5,750.0
316734,Male,Black or African American (HUD),Non-Hispanic/Non-Latino (HUD),56.0,600.0
317063,Male,Black or African American (HUD),Non-Hispanic/Non-Latino (HUD),66.5,733.0
317391,Male,Black or African American (HUD),Non-Hispanic/Non-Latino (HUD),38.0,1300.0
318262,Male,Black or African American (HUD),Non-Hispanic/Non-Latino (HUD),35.5,1400.0
318609,Male,Black or African American (HUD),Non-Hispanic/Non-Latino (HUD),46.0,780.0
318721,Male,American Indian or Alaska Native (HUD),Non-Hispanic/Non-Latino (HUD),57.0,950.0
318722,Male,Black or African American (HUD),Non-Hispanic/Non-Latino (HUD),56.0,800.0
320781,Male,White (HUD),Non-Hispanic/Non-Latino (HUD),41.027027027027025,900.0
320994,Male,Black or African American (HUD),Non-Hispanic/Non-Latino (HUD),50.0,1600.0
322489,Female,White (HUD),Non-Hispanic/Non-Latino (HUD),31.0,650.0
322709,Female,Black or African American (HUD),Non-Hispanic/Non-Latino (HUD),23.0,733.0
322898,Male,Black or African American (HUD),Non-Hispanic/Non-Latino (HUD),67.14285714285714,840.7561111111112
322997,Male,White (HUD),Non-Hispanic/Non-Latino (HUD),38.1764705882353,889.6551724137931
323558,Male,Black or African American (HUD),Non-Hispanic/Non-Latino (HUD),61.0,854.0
324453,Male,Black or African American (HUD),Non-Hispanic/Non-Latino (HUD),45.142857142857146,1400.0
325687,Male,Black or African American (HUD),Non-Hispanic/Non-Latino (HUD),42.333333333333336,1500.0
326073,Male,Black or African American (HUD),Non-Hispanic/Non-Latino (HUD),42.5,1295.5
326742,Male,White (HUD),Non-Hispanic/Non-Latino (HUD),66.0,746.0
329213,Male,White (HUD),Non-Hispanic/Non-Latino (HUD),38.0,696.6666666666666
330427,Male,Black or African American (HUD),Non-Hispanic/Non-Latino (HUD),68.0,821.0
330916,Female,Black or African American (HUD),Non-Hispanic/Non-Latino (HUD),71.5,1200.0
331491,Male,Black or African American (HUD),Non-Hispanic/Non-Latino (HUD),43.5,500.0
332565,Male,Black or African American (HUD),Non-Hispanic/Non-Latino (HUD),40.0,980.0
332883,Male,Black or African American (HUD),Non-Hispanic/Non-Latino (HUD),45.5,659.0
332884,Male,Black or African American (HUD),Non-Hispanic/Non-Latino (HUD),58.0,970.0
333120,Male,Black or African American (HUD),Non-Hispanic/Non-Latino (HUD),36.55555555555556,351.0
333630,Male,Black or African American (HUD),Non-Hispanic/Non-Latino (HUD),51.0,639.0
333756,Male,Black or African American (HUD),Non-Hispanic/Non-Latino (HUD),46.0,1000.0
333763,Male,Black or African American (HUD),Non-Hispanic/Non-Latino (HUD),44.3,1200.0
334029,Female,Black or African American (HUD),Non-Hispanic/Non-Latino (HUD),25.0,1100.0
334496,Female,Black or African American (HUD),Non-Hispanic/Non-Latino (HUD),63.0,661.0
334705,Male,Black or African American (HUD),Non-Hispanic/Non-Latino (HUD),64.0,1000.0
335080,Male,Black or African American (HUD),Non-Hispanic/Non-Latino (HUD),45.0,200.0
335270,Male,Black or African American (HUD),Non-Hispanic/Non-Latino (HUD),57.0,900.0
335566,Male,Black or African American (HUD),Non-Hispanic/Non-Latino (HUD),43.333333333333336,1600.0
335836,Male,Black or African American (HUD),Non-Hispanic/Non-Latino (HUD),44.0,1000.0
336186,Female,American Indian or Alaska Native (HUD),Non-Hispanic/Non-Latino (HUD),23.0,300.0
337991,Male,Black or African American (HUD),Non-Hispanic/Non-Latino (HUD),65.875,733.75
339258,Male,White (HUD),Non-Hispanic/Non-Latino (HUD),44.0,775.0
340231,Female,Black or African American (HUD),Non-Hispanic/Non-Latino (HUD),50.0,600.0
340296,Male,Black or African American (HUD),Non-Hispanic/Non-Latino (HUD),68.0,576.0
340736,Male,Black or African American (HUD),Non-Hispanic/Non-Latino (HUD),23.0,1600.0
341525,Male,Black or African American (HUD),Non-Hispanic/Non-Latino (HUD),38.5,1600.0
343490,Female,Black or African American (HUD),Non-Hispanic/Non-Latino (HUD),23.0,800.0
344680,Male,Black or African American (HUD),Non-Hispanic/Non-Latino (HUD),52.5,800.0
344698,Male,White (HUD),Non-Hispanic/Non-Latino (HUD),61.0,771.0
345932,Male,Black or African American (HUD),Non-Hispanic/Non-Latino (HUD),35.0,973.3333333333334
348582,Male,Black or African American (HUD),Non-Hispanic/Non-Latino (HUD),33.0,1050.0
348889,Male,Black or African American (HUD),Non-Hispanic/Non-Latino (HUD),60.0,750.0
349278,Male,Black or African American (HUD),Non-Hispanic/Non-Latino (HUD),52.5,1400.0
349279,Female,Black or African American (HUD),Non-Hispanic/Non-Latino (HUD),44.5,764.0
349449,Male,Black or African American (HUD),Non-Hispanic/Non-Latino (HUD),51.625,1125.0
350748,Male,Black or African American (HUD),Non-Hispanic/Non-Latino (HUD),30.0,732.0
350852,Male,Black or African American (HUD),Non-Hispanic/Non-Latino (HUD),61.0,771.0
351045,Male,Black or African American (HUD),Non-Hispanic/Non-Latino (HUD),55.2,675.0
351468,Male,American Indian or Alaska Native (HUD),Non-Hispanic/Non-Latino (HUD),51.0,750.0
352684,Female,Black or African American (HUD),Non-Hispanic/Non-Latino (HUD),22.0,1400.0
352986,Male,Black or African American (HUD),Non-Hispanic/Non-Latino (HUD),64.5,841.0
353160,Female,Black or African American (HUD),Non-Hispanic/Non-Latino (HUD),49.0,780.0
353253,Male,Black or African American (HUD),Non-Hispanic/Non-Latino (HUD),36.0,942.0
355220,Male,Black or African American (HUD),Non-Hispanic/Non-Latino (HUD),46.0,507.5
355355,Male,Black or African American (HUD),Non-Hispanic/Non-Latino (HUD),22.1,925.0
355911,Female,Black or African American (HUD),Non-Hispanic/Non-Latino (HUD),48.0,740.0
357475,Male,White (HUD),Non-Hispanic/Non-Latino (HUD),46.0,733.0
357728,Male,Black or African American (HUD),Non-Hispanic/Non-Latino (HUD),50.0,1600.0
358124,Female,Black or African American (HUD),Non-Hispanic/Non-Latino (HUD),24.0,75.0
358806,Male,Black or African American (HUD),Non-Hispanic/Non-Latino (HUD),56.0,350.0
359796,Female,Black or African American (HUD),Non-Hispanic/Non-Latino (HUD),51.0,733.0
360237,Male,Black or African American (HUD),Non-Hispanic/Non-Latino (HUD),51.88235294117647,462.5
360593,Male,Black or African American (HUD),Non-Hispanic/Non-Latino (HUD),55.333333333333336,733.0
361515,Female,White (HUD),Non-Hispanic/Non-Latino (HUD),22.0,733.0
361596,Male,Black or African American (HUD),Non-Hispanic/Non-Latino (HUD),70.75,900.0
362887,Female,White (HUD),Hispanic/Latino (HUD),46.0,1075.0
362889,Male,Black or African American (HUD),Non-Hispanic/Non-Latino (HUD),41.333333333333336,1000.0
363080,Male,Black or African American (HUD),Non-Hispanic/Non-Latino (HUD),51.0,1200.0
363216,Male,Black or African American (HUD),Non-Hispanic/Non-Latino (HUD),37.0,1018.0
363382,Male,Black or African American (HUD),Non-Hispanic/Non-Latino (HUD),29.5,1200.0
363433,Female,White (HUD),Non-Hispanic/Non-Latino (HUD),48.0,400.0
363624,Female,White (HUD),Non-Hispanic/Non-Latino (HUD),57.0,758.4
364437,Male,Black or African American (HUD),Non-Hispanic/Non-Latino (HUD),35.0,1600.0
364915,Male,White (HUD),Non-Hispanic/Non-Latino (HUD),26.0,200.0
365126,Female,Black or African American (HUD),Non-Hispanic/Non-Latino (HUD),49.0,735.0
365574,Male,Black or African American (HUD),Non-Hispanic/Non-Latino (HUD),60.0,600.0
366028,Male,Black or African American (HUD),Non-Hispanic/Non-Latino (HUD),52.4,832.0
366093,Female,Black or African American (HUD),Non-Hispanic/Non-Latino (HUD),40.0,1100.0
367206,Male,Black or African American (HUD),Non-Hispanic/Non-Latino (HUD),59.5,988.5
367285,Male,Black or African American (HUD),Non-Hispanic/Non-Latino (HUD),37.0,740.0
367659,Female,Black or African American (HUD),Non-Hispanic/Non-Latino (HUD),46.0,1200.0
368693,Male,White (HUD),Non-Hispanic/Non-Latino (HUD),67.21428571428571,1150.7894736842106
369309,Male,White (HUD),Non-Hispanic/Non-Latino (HUD),30.166666666666668,600.0
369588,Male,Black or African American (HUD),Non-Hispanic/Non-Latino (HUD),60.5,560.0
370204,Male,Black or African American (HUD),Non-Hispanic/Non-Latino (HUD),27.0,150.0
370291,Male,Black or African American (HUD),Non-Hispanic/Non-Latino (HUD),68.0,469.0
370324,Female,Black or African American (HUD),Non-Hispanic/Non-Latino (HUD),57.0,755.0
370346,Male,Black or African American (HUD),Non-Hispanic/Non-Latino (HUD),53.0,1600.0
371020,Male,Black or African American (HUD),Non-Hispanic/Non-Latino (HUD),24.0,700.0
373160,Female,Black or African American (HUD),Non-Hispanic/Non-Latino (HUD),33.0,1486.0
373190,Female,Black or African American (HUD),Non-Hispanic/Non-Latino (HUD),18.0,733.0
373323,Male,American Indian or Alaska Native (HUD),Non-Hispanic/Non-Latino (HUD),50.0,880.0
373473,Male,White (HUD),Non-Hispanic/Non-Latino (HUD),26.0,1200.0
373728,Male,Black or African American (HUD),Non-Hispanic/Non-Latino (HUD),48.06666666666667,535.0
373730,Male,Black or African American (HUD),Non-Hispanic/Non-Latino (HUD),26.333333333333332,1560.0
373971,Male,White (HUD),Non-Hispanic/Non-Latino (HUD),31.0,1000.0
374526,Male,Black or African American (HUD),Non-Hispanic/Non-Latino (HUD),45.0,1200.0
374609,Female,Black or African American (HUD),Non-Hispanic/Non-Latino (HUD),27.0,1000.0
375650,Female,Black or African American (HUD),Non-Hispanic/Non-Latino (HUD),38.0,420.0
375815,Male,White (HUD),Non-Hispanic/Non-Latino (HUD),69.0,1400.0
375893,Female,White (HUD),Non-Hispanic/Non-Latino (HUD),44.6,803.0
377361,Male,Black or African American (HUD),Non-Hispanic/Non-Latino (HUD),37.0,1333.0
378312,Male,Black or African American (HUD),Non-Hispanic/Non-Latino (HUD),50.0,540.0
378316,Female,Black or African American (HUD),Non-Hispanic/Non-Latino (HUD),54.0,468.0
379113,Male,Black or African American (HUD),Non-Hispanic/Non-Latino (HUD),47.76923076923077,969.1538461538462
379949,Female,Black or African American (HUD),Non-Hispanic/Non-Latino (HUD),45.0,1400.0
380246,Female,Black or African American (HUD),Non-Hispanic/Non-Latino (HUD),25.0,1500.0
380554,Male,White (HUD),Non-Hispanic/Non-Latino (HUD),52.0,1680.0
381739,Male,Black or African American (HUD),Non-Hispanic/Non-Latino (HUD),24.6,1360.0
381763,Male,White (HUD),Non-Hispanic/Non-Latino (HUD),35.0,300.0
381869,Female,White (HUD),Non-Hispanic/Non-Latino (HUD),74.5,928.5
381870,Male,White (HUD),Non-Hispanic/Non-Latino (HUD),53.0,740.0
382261,Male,Black or African American (HUD),Non-Hispanic/Non-Latino (HUD),50.0,1950.0
382535,Male,Black or African American (HUD),Non-Hispanic/Non-Latino (HUD),61.0,500.0
382672,Male,Black or African American (HUD),Non-Hispanic/Non-Latino (HUD),55.75,1600.0
382674,Female,Black or African American (HUD),Non-Hispanic/Non-Latino (HUD),47.0,109.0
382886,Male,Black or African American (HUD),Non-Hispanic/Non-Latino (HUD),53.0,130.0
383149,Male,Black or African American (HUD),Non-Hispanic/Non-Latino (HUD),46.5,720.0
383781,Female,Black or African American (HUD),Non-Hispanic/Non-Latino (HUD),35.4,316.5
384147,Male,White (HUD),Non-Hispanic/Non-Latino (HUD),58.5,1300.0
384356,Female,Black or African American (HUD),Non-Hispanic/Non-Latino (HUD),48.0,600.0
384548,Male,Black or African American (HUD),Non-Hispanic/Non-Latino (HUD),53.0,771.0
384776,Male,Black or African American (HUD),Non-Hispanic/Non-Latino (HUD),52.5,500.0
384777,Male,Black or African American (HUD),Non-Hispanic/Non-Latino (HUD),32.0,1600.0
384883,Male,Black or African American (HUD),Hispanic/Latino (HUD),58.0,771.0
385243,Male,Black or African American (HUD),Non-Hispanic/Non-Latino (HUD),64.0,964.0
385332,Male,Black or African American (HUD),Non-Hispanic/Non-Latino (HUD),41.18181818181818,648.0
385459,Female,Black or African American (HUD),Non-Hispanic/Non-Latino (HUD),40.0,570.0
385539,Male,Black or African American (HUD),Non-Hispanic/Non-Latino (HUD),58.6,665.0
385858,Male,Black or African American (HUD),Non-Hispanic/Non-Latino (HUD),63.0,693.0
385886,Male,White (HUD),Non-Hispanic/Non-Latino (HUD),59.0,730.0
386564,Male,Black or African American (HUD),Non-Hispanic/Non-Latino (HUD),25.333333333333332,853.0
386677,Female,Black or African American (HUD),Non-Hispanic/Non-Latino (HUD),43.0,364.0
386841,Female,Black or African American (HUD),Non-Hispanic/Non-Latino (HUD),46.0,860.0
387175,Male,Black or African American (HUD),Non-Hispanic/Non-Latino (HUD),51.916666666666664,1700.0
387424,Male,Black or African American (HUD),Non-Hispanic/Non-Latino (HUD),57.0,623.0
387589,Female,Black or African American (HUD),Non-Hispanic/Non-Latino (HUD),53.25,884.0
387590,Male,Black or African American (HUD),Non-Hispanic/Non-Latino (HUD),38.0,750.0
387703,Male,Black or African American (HUD),Non-Hispanic/Non-Latino (HUD),39.53333333333333,850.0
388135,Male,Black or African American (HUD),Non-Hispanic/Non-Latino (HUD),29.333333333333332,552.3076923076923
389431,Male,Black or African American (HUD),Non-Hispanic/Non-Latino (HUD),37.0,659.0
389599,Male,Black or African American (HUD),Non-Hispanic/Non-Latino (HUD),58.0,1090.0
389683,Male,Black or African American (HUD),Non-Hispanic/Non-Latino (HUD),24.0,1500.0
389686,Female,Black or African American (HUD),Non-Hispanic/Non-Latino (HUD),35.0,610.0
389688,Female,Black or African American (HUD),Non-Hispanic/Non-Latino (HUD),45.0,420.5
389691,Male,Black or African American (HUD),Non-Hispanic/Non-Latino (HUD),56.0,730.0
390076,Male,Black or African American (HUD),Non-Hispanic/Non-Latino (HUD),62.0,1100.0
390199,Male,Black or African American (HUD),Non-Hispanic/Non-Latino (HUD),21.0,843.5
390406,Male,Black or African American (HUD),Non-Hispanic/Non-Latino (HUD),77.0,988.0
390827,Female,Black or African American (HUD),Non-Hispanic/Non-Latino (HUD),55.0,733.0
391122,Male,American Indian or Alaska Native (HUD),Non-Hispanic/Non-Latino (HUD),58.0,618.5
391343,Female,Black or African American (HUD),Non-Hispanic/Non-Latino (HUD),61.0,1572.0
391862,Male,Black or African American (HUD),Non-Hispanic/Non-Latino (HUD),34.0,733.0
392119,Male,Black or African American (HUD),Non-Hispanic/Non-Latino (HUD),24.0,1000.0
392382,Male,Black or African American (HUD),Non-Hispanic/Non-Latino (HUD),58.0,733.0
392384,Female,Black or African American (HUD),Non-Hispanic/Non-Latino (HUD),63.0,1200.0
392703,Male,Black or African American (HUD),Non-Hispanic/Non-Latino (HUD),44.0,600.0
392904,Male,Black or African American (HUD),Non-Hispanic/Non-Latino (HUD),55.5,4000.0
393036,Male,Black or African American (HUD),Non-Hispanic/Non-Latino (HUD),63.0,4700.0
393039,Female,Black or African American (HUD),Non-Hispanic/Non-Latino (HUD),36.0,763.0
393430,Female,Black or African American (HUD),Non-Hispanic/Non-Latino (HUD),55.0,1200.0
393541,Male,White (HUD),Non-Hispanic/Non-Latino (HUD),23.0,400.0
393810,Male,White (HUD),Hispanic/Latino (HUD),37.0,1400.0
394031,Male,Black or African American (HUD),Non-Hispanic/Non-Latino (HUD),41.0,425.0
394449,Male,Black or African American (HUD),Non-Hispanic/Non-Latino (HUD),57.0,2800.0
394581,Female,White (HUD),Non-Hispanic/Non-Latino (HUD),42.0,733.0
395019,Female,Black or African American (HUD),Non-Hispanic/Non-Latino (HUD),48.0,1200.0
395020,Male,Black or African American (HUD),Non-Hispanic/Non-Latino (HUD),54.0,808.0
395315,Female,Black or African American (HUD),Non-Hispanic/Non-Latino (HUD),28.0,1500.0
395541,Male,Black or African American (HUD),Non-Hispanic/Non-Latino (HUD),60.333333333333336,873.0
395548,Female,Black or African American (HUD),Non-Hispanic/Non-Latino (HUD),56.25,860.5
395939,Male,White (HUD),Non-Hispanic/Non-Latino (HUD),57.75,1630.0
396254,Male,Black or African American (HUD),Non-Hispanic/Non-Latino (HUD),44.0,700.0
396639,Female,Black or African American (HUD),Non-Hispanic/Non-Latino (HUD),45.55555555555556,731.0
396973,Female,Black or African American (HUD),Non-Hispanic/Non-Latino (HUD),62.0,1059.0
397201,Female,Black or African American (HUD),Non-Hispanic/Non-Latino (HUD),29.0,376.5
397313,Female,Black or African American (HUD),Non-Hispanic/Non-Latino (HUD),40.0,900.0
397426,Male,Black or African American (HUD),Non-Hispanic/Non-Latino (HUD),33.0,1820.0
397538,Male,Black or African American (HUD),Non-Hispanic/Non-Latino (HUD),45.666666666666664,1440.0
397658,Female,Black or African American (HUD),Non-Hispanic/Non-Latino (HUD),59.666666666666664,1104.0
397767,Male,Black or African American (HUD),Non-Hispanic/Non-Latino (HUD),47.0,750.0
398673,Male,White (HUD),Non-Hispanic/Non-Latino (HUD),67.0,1661.0
398927,Male,Black or African American (HUD),Non-Hispanic/Non-Latino (HUD),45.0,980.0
399024,Male,Black or African American (HUD),Non-Hispanic/Non-Latino (HUD),50.166666666666664,1000.0
399028,Female,White (HUD),Non-Hispanic/Non-Latino (HUD),51.0,700.0
399249,Male,Black or African American (HUD),Non-Hispanic/Non-Latino (HUD),65.0,1400.0
399342,Male,Black or African American (HUD),Non-Hispanic/Non-Latino (HUD),38.0,1760.0
399892,Male,Black or African American (HUD),Non-Hispanic/Non-Latino (HUD),59.75,750.0
399903,Male,Black or African American (HUD),Non-Hispanic/Non-Latino (HUD),19.0,990.0
399904,Male,Black or African American (HUD),Non-Hispanic/Non-Latino (HUD),57.666666666666664,1500.0
399969,Female,Black or African American (HUD),Non-Hispanic/Non-Latino (HUD),31.0,906.5
400076,Female,White (HUD),Non-Hispanic/Non-Latino (HUD),47.0,750.0
401403,Male,Black or African American (HUD),Non-Hispanic/Non-Latino (HUD),33.0,648.0
401492,Female,Black or African American (HUD),Non-Hispanic/Non-Latino (HUD),48.0,376.5
401494,Male,Black or African American (HUD),Non-Hispanic/Non-Latino (HUD),19.0,488.0
401495,Male,Black or African American (HUD),Non-Hispanic/Non-Latino (HUD),49.0,1500.0
401581,Female,White (HUD),Non-Hispanic/Non-Latino (HUD),35.0,733.0
401629,Female,White (HUD),Non-Hispanic/Non-Latino (HUD),54.0,375.5
401866,Male,Black or African American (HUD),Non-Hispanic/Non-Latino (HUD),51.0,2100.0
401978,Male,White (HUD),Non-Hispanic/Non-Latino (HUD),54.0,1600.0
401982,Female,White (HUD),Non-Hispanic/Non-Latino (HUD),69.6,1300.0
402129,Female,White (HUD),Non-Hispanic/Non-Latino (HUD),61.0,1300.0
402130,Male,Black or African American (HUD),Non-Hispanic/Non-Latino (HUD),51.833333333333336,1057.142857142857
402256,Male,White (HUD),Non-Hispanic/Non-Latino (HUD),37.0,1680.0
402257,Male,Black or African American (HUD),Non-Hispanic/Non-Latino (HUD),22.555555555555557,800.0
402258,Male,Black or African American (HUD),Non-Hispanic/Non-Latino (HUD),40.72727272727273,770.0
402534,Female,Black or African American (HUD),Non-Hispanic/Non-Latino (HUD),47.0,498.0
403186,Male,Black or African American (HUD),Non-Hispanic/Non-Latino (HUD),22.416666666666668,733.0
403469,Male,Black or African American (HUD),Non-Hispanic/Non-Latino (HUD),61.0,1072.0
403745,Male,Black or African American (HUD),Non-Hispanic/Non-Latino (HUD),31.6,1200.0
404217,Male,Black or African American (HUD),Non-Hispanic/Non-Latino (HUD),25.6,800.0
405095,Trans Female (MTF or Male to Female),White (HUD),Non-Hispanic/Non-Latino (HUD),30.0,733.0
405331,Male,Black or African American (HUD),Non-Hispanic/Non-Latino (HUD),50.0,1200.0
405886,Female,White (HUD),Non-Hispanic/Non-Latino (HUD),64.5,787.5
405919,Male,White (HUD),Non-Hispanic/Non-Latino (HUD),58.0,1072.0
405932,Male,Black or African American (HUD),Non-Hispanic/Non-Latino (HUD),61.0,1117.0
405977,Male,Black or African American (HUD),Non-Hispanic/Non-Latino (HUD),56.0,750.0
407001,Male,White (HUD),Non-Hispanic/Non-Latino (HUD),58.333333333333336,1850.0
407414,Female,Black or African American (HUD),Non-Hispanic/Non-Latino (HUD),61.0,1062.0
408793,Male,Black or African American (HUD),Non-Hispanic/Non-Latino (HUD),39.0,600.0
409062,Male,White (HUD),Non-Hispanic/Non-Latino (HUD),34.333333333333336,1650.0
409235,Female,Black or African American (HUD),Non-Hispanic/Non-Latino (HUD),53.0,840.0
409250,Male,White (HUD),Non-Hispanic/Non-Latino (HUD),31.0,369.5
409587,Male,White (HUD),Non-Hispanic/Non-Latino (HUD),55.0,960.0
409781,Female,White (HUD),Non-Hispanic/Non-Latino (HUD),39.0,360.0
409835,Male,Black or African American (HUD),Non-Hispanic/Non-Latino (HUD),57.0,1200.0
410155,Male,Black or African American (HUD),Non-Hispanic/Non-Latino (HUD),19.0,1148.0
410222,Male,White (HUD),Hispanic/Latino (HUD),28.0,350.0
410574,Male,White (HUD),Non-Hispanic/Non-Latino (HUD),53.0,268.0
411378,Male,Black or African American (HUD),Non-Hispanic/Non-Latino (HUD),25.0,733.0
411380,Female,Black or African American (HUD),Non-Hispanic/Non-Latino (HUD),35.0,1085.0
411383,Male,Black or African American (HUD),Non-Hispanic/Non-Latino (HUD),57.0,1186.0
411386,Female,Black or African American (HUD),Non-Hispanic/Non-Latino (HUD),49.0,771.0
411392,Male,Black or African American (HUD),Non-Hispanic/Non-Latino (HUD),24.0,750.0
411485,Male,Black or African American (HUD),Non-Hispanic/Non-Latino (HUD),36.333333333333336,733.0
411652,Male,White (HUD),Non-Hispanic/Non-Latino (HUD),48.0,700.0
411719,Male,White (HUD),Non-Hispanic/Non-Latino (HUD),36.0,700.0
411775,Male,Black or African American (HUD),Non-Hispanic/Non-Latino (HUD),30.0,1000.0
412307,Male,Black or African American (HUD),Non-Hispanic/Non-Latino (HUD),20.0,1300.0
412579,Female,Black or African American (HUD),Hispanic/Latino (HUD),48.0,960.0
412591,Female,Black or African American (HUD),Non-Hispanic/Non-Latino (HUD),60.0,725.0
412724,Male,Black or African American (HUD),Non-Hispanic/Non-Latino (HUD),50.0,733.0
412856,Female,White (HUD),Non-Hispanic/Non-Latino (HUD),56.0,1200.0
412975,Male,Black or African American (HUD),Non-Hispanic/Non-Latino (HUD),44.0,700.0
413940,Female,Black or African American (HUD),Non-Hispanic/Non-Latino (HUD),52.0,600.0
413993,Male,Black or African American (HUD),Non-Hispanic/Non-Latino (HUD),26.0,700.0
415015,Male,Black or African American (HUD),Non-Hispanic/Non-Latino (HUD),51.0,646.0
415098,Female,Black or African American (HUD),Non-Hispanic/Non-Latino (HUD),26.0,500.0
415099,Male,American Indian or Alaska Native (HUD),Non-Hispanic/Non-Latino (HUD),56.0,733.0
415100,Female,Black or African American (HUD),Non-Hispanic/Non-Latino (HUD),52.0,360.0
415101,Female,White (HUD),Non-Hispanic/Non-Latino (HUD),59.0,777.0
415102,Male,White (HUD),Non-Hispanic/Non-Latino (HUD),52.0,2160.0
415103,Male,Black or African American (HUD),Non-Hispanic/Non-Latino (HUD),54.0,600.0
415235,Male,White (HUD),Non-Hispanic/Non-Latino (HUD),41.0,500.0
415333,Female,Black or African American (HUD),Non-Hispanic/Non-Latino (HUD),31.0,733.0
415399,Female,White (HUD),Non-Hispanic/Non-Latino (HUD),44.25,365.0
415631,Male,Black or African American (HUD),Non-Hispanic/Non-Latino (HUD),29.0,730.0
415632,Male,White (HUD),Non-Hispanic/Non-Latino (HUD),37.0,966.0
415679,Female,Black or African American (HUD),Non-Hispanic/Non-Latino (HUD),53.0,635.0
415733,Female,Black or African American (HUD),Non-Hispanic/Non-Latino (HUD),22.0,400.0
415734,Male,White (HUD),Non-Hispanic/Non-Latino (HUD),56.0,733.0
415735,Male,Black or African American (HUD),Non-Hispanic/Non-Latino (HUD),27.142857142857142,450.0
415993,Male,Black or African American (HUD),Non-Hispanic/Non-Latino (HUD),49.0,4000.0
416074,Male,Black or African American (HUD),Non-Hispanic/Non-Latino (HUD),55.0,14.5
416285,Female,Black or African American (HUD),Non-Hispanic/Non-Latino (HUD),25.5,600.0
416394,Male,Black or African American (HUD),Non-Hispanic/Non-Latino (HUD),40.0,1000.0
416395,Male,Black or African American (HUD),Non-Hispanic/Non-Latino (HUD),69.0,820.0
416696,Male,White (HUD),Non-Hispanic/Non-Latino (HUD),49.285714285714285,1575.0
416771,Male,Black or African American (HUD),Non-Hispanic/Non-Latino (HUD),54.0,733.0
416982,Male,Black or African American (HUD),Non-Hispanic/Non-Latino (HUD),22.0,962.5
417655,Male,White (HUD),Non-Hispanic/Non-Latino (HUD),51.0,1000.0
417656,Male,Black or African American (HUD),Non-Hispanic/Non-Latino (HUD),33.714285714285715,1400.0
417907,Female,White (HUD),Non-Hispanic/Non-Latino (HUD),39.0,1200.0
418225,Male,Black or African American (HUD),Non-Hispanic/Non-Latino (HUD),48.833333333333336,695.0
418365,Male,Black or African American (HUD),Non-Hispanic/Non-Latino (HUD),41.0,620.0
418366,Female,White (HUD),Non-Hispanic/Non-Latino (HUD),50.0,733.0
418367,Male,White (HUD),Non-Hispanic/Non-Latino (HUD),43.0,1000.0
418524,Female,Black or African American (HUD),Non-Hispanic/Non-Latino (HUD),38.0,739.0
418563,Female,Black or African American (HUD),Non-Hispanic/Non-Latino (HUD),35.25,1200.0
418616,Female,Black or African American (HUD),Non-Hispanic/Non-Latino (HUD),54.5,1059.0
418774,Female,Black or African American (HUD),Non-Hispanic/Non-Latino (HUD),48.0,1900.0
418916,Male,White (HUD),Non-Hispanic/Non-Latino (HUD),60.0,771.0
419118,Female,Black or African American (HUD),Non-Hispanic/Non-Latino (HUD),44.0,733.0
419122,Male,White (HUD),Hispanic/Latino (HUD),54.0,600.0
419123,Male,American Indian or Alaska Native (HUD),Non-Hispanic/Non-Latino (HUD),22.0,2000.0
419124,Male,Black or African American (HUD),Non-Hispanic/Non-Latino (HUD),41.72222222222222,200.0
419389,Male,Black or African American (HUD),Non-Hispanic/Non-Latino (HUD),28.0,4000.0
419391,Male,Black or African American (HUD),Non-Hispanic/Non-Latino (HUD),44.125,1645.4545454545455
419523,Male,Black or African American (HUD),Non-Hispanic/Non-Latino (HUD),66.0,1100.0
419525,Male,Black or African American (HUD),Non-Hispanic/Non-Latino (HUD),60.5,737.3333333333334
419800,Female,Black or African American (HUD),Non-Hispanic/Non-Latino (HUD),28.0,1600.0
419801,Male,Black or African American (HUD),Hispanic/Latino (HUD),35.5,1560.0
419804,Male,White (HUD),Non-Hispanic/Non-Latino (HUD),29.8,1600.0
419911,Male,Black or African American (HUD),Non-Hispanic/Non-Latino (HUD),76.33333333333333,1320.0
419929,Male,Black or African American (HUD),Non-Hispanic/Non-Latino (HUD),33.0,760.0
420019,Male,Black or African American (HUD),Non-Hispanic/Non-Latino (HUD),55.0,400.0
420149,Male,Black or African American (HUD),Non-Hispanic/Non-Latino (HUD),35.0,1000.0
420459,Male,Black or African American (HUD),Non-Hispanic/Non-Latino (HUD),55.0,200.0
420527,Female,Black or African American (HUD),Non-Hispanic/Non-Latino (HUD),32.0,700.0
420702,Female,Black or African American (HUD),Non-Hispanic/Non-Latino (HUD),50.666666666666664,708.6666666666666
420712,Male,Black or African American (HUD),Non-Hispanic/Non-Latino (HUD),63.0,2915.0
420825,Trans Female (MTF or Male to Female),White (HUD),Non-Hispanic/Non-Latino (HUD),37.25,375.5
420897,Male,Black or African American (HUD),Non-Hispanic/Non-Latino (HUD),63.5,772.0
420997,Male,White (HUD),Non-Hispanic/Non-Latino (HUD),64.0,774.0
421434,Female,Black or African American (HUD),Non-Hispanic/Non-Latino (HUD),49.0,2929.5
421503,Female,Black or African American (HUD),Non-Hispanic/Non-Latino (HUD),35.0,1230.04
421596,Male,Black or African American (HUD),Non-Hispanic/Non-Latino (HUD),61.5,733.0
421698,Female,White (HUD),Non-Hispanic/Non-Latino (HUD),42.0,1200.0
421788,Male,Black or African American (HUD),Non-Hispanic/Non-Latino (HUD),37.5,978.0
421813,Male,Black or African American (HUD),Non-Hispanic/Non-Latino (HUD),65.0,500.0
421826,Female,Black or African American (HUD),Non-Hispanic/Non-Latino (HUD),53.0,1500.0
421938,Male,White (HUD),Non-Hispanic/Non-Latino (HUD),32.0,800.0
421939,Male,White (HUD),Non-Hispanic/Non-Latino (HUD),61.0,600.0
422042,Male,Black or African American (HUD),Non-Hispanic/Non-Latino (HUD),51.0,1500.0
422213,Male,Black or African American (HUD),Non-Hispanic/Non-Latino (HUD),43.0,1200.0
422786,Male,Black or African American (HUD),Non-Hispanic/Non-Latino (HUD),47.76923076923077,750.0
423089,Male,Black or African American (HUD),Non-Hispanic/Non-Latino (HUD),50.0,715.0
423291,Female,Black or African American (HUD),Non-Hispanic/Non-Latino (HUD),52.0,300.0
423292,Male,Black or African American (HUD),Non-Hispanic/Non-Latino (HUD),42.0,733.0
423563,Male,White (HUD),Non-Hispanic/Non-Latino (HUD),45.0,733.0
423732,Female,Black or African American (HUD),Non-Hispanic/Non-Latino (HUD),57.0,733.0
423879,Female,Black or African American (HUD),Non-Hispanic/Non-Latino (HUD),35.0,155.0
423932,Male,Black or African American (HUD),Non-Hispanic/Non-Latino (HUD),59.4,1800.0
424071,Female,Black or African American (HUD),Non-Hispanic/Non-Latino (HUD),28.0,600.0
424179,Male,Black or African American (HUD),Non-Hispanic/Non-Latino (HUD),63.0,902.0
424403,Female,Black or African American (HUD),Non-Hispanic/Non-Latino (HUD),20.4,800.0
424404,Male,Black or African American (HUD),Non-Hispanic/Non-Latino (HUD),48.0,859.0
424809,Male,Black or African American (HUD),Non-Hispanic/Non-Latino (HUD),38.0,711.0
424996,Female,White (HUD),Non-Hispanic/Non-Latino (HUD),37.0,600.0
424997,Male,Black or African American (HUD),Non-Hispanic/Non-Latino (HUD),52.0,1900.0
425239,Male,Black or African American (HUD),Non-Hispanic/Non-Latino (HUD),70.0,587.5
425364,Female,Black or African American (HUD),Non-Hispanic/Non-Latino (HUD),41.0,300.0
425365,Male,Black or African American (HUD),Non-Hispanic/Non-Latino (HUD),42.0,640.0
425704,Female,Black or African American (HUD),Non-Hispanic/Non-Latino (HUD),74.0,908.0
425710,Male,Black or African American (HUD),Non-Hispanic/Non-Latino (HUD),26.0,740.0
425991,Female,White (HUD),Non-Hispanic/Non-Latino (HUD),32.0,400.0
426181,Male,White (HUD),Non-Hispanic/Non-Latino (HUD),35.333333333333336,60.0
426303,Male,White (HUD),Non-Hispanic/Non-Latino (HUD),22.2,1200.0
426506,Female,White (HUD),Non-Hispanic/Non-Latino (HUD),50.0,864.0
426508,Female,Black or African American (HUD),Non-Hispanic/Non-Latino (HUD),61.0,680.0
427134,Female,Black or African American (HUD),Non-Hispanic/Non-Latino (HUD),64.0,392.0
427284,Male,White (HUD),Non-Hispanic/Non-Latino (HUD),51.666666666666664,733.3333333333334
427360,Female,White (HUD),Non-Hispanic/Non-Latino (HUD),58.333333333333336,600.0
427535,Male,Black or African American (HUD),Non-Hispanic/Non-Latino (HUD),51.0,1606.0
427640,Male,Black or African American (HUD),Non-Hispanic/Non-Latino (HUD),59.0,733.0
427731,Male,White (HUD),Non-Hispanic/Non-Latino (HUD),51.0,641.0
428209,Male,White (HUD),Non-Hispanic/Non-Latino (HUD),39.5,1900.0
428593,Male,Black or African American (HUD),Non-Hispanic/Non-Latino (HUD),41.0,252.5
428596,Male,Black or African American (HUD),Non-Hispanic/Non-Latino (HUD),50.0,780.0
428703,Male,Black or African American (HUD),Hispanic/Latino (HUD),19.666666666666668,1000.0
428792,Male,Black or African American (HUD),Non-Hispanic/Non-Latino (HUD),35.0,1000.0
428793,Male,Black or African American (HUD),Non-Hispanic/Non-Latino (HUD),50.0,1300.0
429149,Female,Black or African American (HUD),Non-Hispanic/Non-Latino (HUD),50.625,585.7142857142857
429152,Male,Black or African American (HUD),Non-Hispanic/Non-Latino (HUD),31.5,686.6666666666666
429484,Male,Black or African American (HUD),Non-Hispanic/Non-Latino (HUD),43.0,1000.0
429485,Female,Black or African American (HUD),Non-Hispanic/Non-Latino (HUD),27.0,1800.0
430061,Female,American Indian or Alaska Native (HUD),Non-Hispanic/Non-Latino (HUD),36.0,473.0
430223,Male,Black or African American (HUD),Non-Hispanic/Non-Latino (HUD),32.0,1800.0
430243,Male,Black or African American (HUD),Non-Hispanic/Non-Latino (HUD),26.5,1200.0
430244,Female,Black or African American (HUD),Non-Hispanic/Non-Latino (HUD),56.0,683.3333333333334
430325,Male,Black or African American (HUD),Non-Hispanic/Non-Latino (HUD),50.0,776.0
431031,Male,Black or African American (HUD),Non-Hispanic/Non-Latino (HUD),46.666666666666664,1600.0
431032,Male,Black or African American (HUD),Non-Hispanic/Non-Latino (HUD),72.0,829.0
431161,Male,Black or African American (HUD),Non-Hispanic/Non-Latino (HUD),47.6,3436.0
431448,Female,White (HUD),Non-Hispanic/Non-Latino (HUD),45.0,874.0
431450,Male,White (HUD),Non-Hispanic/Non-Latino (HUD),48.0,1100.0
431858,Female,White (HUD),Non-Hispanic/Non-Latino (HUD),61.0,758.0
431954,Female,White (HUD),Non-Hispanic/Non-Latino (HUD),22.0,733.0
432407,Male,Black or African American (HUD),Non-Hispanic/Non-Latino (HUD),44.0,208.0
432549,Male,Black or African American (HUD),Non-Hispanic/Non-Latino (HUD),58.0,385.0
432679,Female,Black or African American (HUD),Non-Hispanic/Non-Latino (HUD),26.0,1300.0
432681,Female,Black or African American (HUD),Non-Hispanic/Non-Latino (HUD),56.0,4000.0
432969,Female,White (HUD),Non-Hispanic/Non-Latino (HUD),47.0,610.0
432970,Male,White (HUD),Non-Hispanic/Non-Latino (HUD),60.0,699.0
433097,Male,Black or African American (HUD),Non-Hispanic/Non-Latino (HUD),32.0,357.5
433288,Male,Black or African American (HUD),Non-Hispanic/Non-Latino (HUD),31.0,500.0
433289,Male,White (HUD),Hispanic/Latino (HUD),30.0,500.0
433377,Female,American Indian or Alaska Native (HUD),Non-Hispanic/Non-Latino (HUD),34.0,900.0
433461,Male,Black or African American (HUD),Non-Hispanic/Non-Latino (HUD),28.0,400.0
433565,Male,Black or African American (HUD),Non-Hispanic/Non-Latino (HUD),74.0,650.0
434193,Male,Black or African American (HUD),Non-Hispanic/Non-Latino (HUD),52.0,1576.0
434697,Male,Black or African American (HUD),Non-Hispanic/Non-Latino (HUD),24.0,740.0
434698,Male,Black or African American (HUD),Non-Hispanic/Non-Latino (HUD),48.0,733.0
434699,Male,White (HUD),Non-Hispanic/Non-Latino (HUD),41.0,162.5
434700,Male,American Indian or Alaska Native (HUD),Non-Hispanic/Non-Latino (HUD),57.0,2400.0
434832,Male,Black or African American (HUD),Non-Hispanic/Non-Latino (HUD),61.333333333333336,880.0
434958,Male,White (HUD),Non-Hispanic/Non-Latino (HUD),68.5,1500.0
435077,Male,Black or African American (HUD),Non-Hispanic/Non-Latino (HUD),36.0,1900.0
435403,Female,Black or African American (HUD),Non-Hispanic/Non-Latino (HUD),59.0,359.0
436016,Male,Black or African American (HUD),Non-Hispanic/Non-Latino (HUD),36.0,1400.0
436421,Female,Black or African American (HUD),Non-Hispanic/Non-Latino (HUD),39.0,1200.0
436993,Male,Black or African American (HUD),Non-Hispanic/Non-Latino (HUD),43.5,376.5
436994,Female,White (HUD),Non-Hispanic/Non-Latino (HUD),52.0,733.0
436995,Male,White (HUD),Non-Hispanic/Non-Latino (HUD),30.0,582.5
437376,Male,Black or African American (HUD),Non-Hispanic/Non-Latino (HUD),34.0,1500.0
437377,Male,Black or African American (HUD),Non-Hispanic/Non-Latino (HUD),54.0,1200.0
437666,Male,Black or African American (HUD),Non-Hispanic/Non-Latino (HUD),24.0,400.0
438076,Female,White (HUD),Non-Hispanic/Non-Latino (HUD),48.0,909.0
438933,Female,Black or African American (HUD),Non-Hispanic/Non-Latino (HUD),50.0,764.0
439184,Male,Black or African American (HUD),Non-Hispanic/Non-Latino (HUD),37.0,2400.0
439545,Female,Black or African American (HUD),Non-Hispanic/Non-Latino (HUD),65.0,779.0
439857,Male,Black or African American (HUD),Non-Hispanic/Non-Latino (HUD),39.0,753.0
439931,Male,Black or African American (HUD),Non-Hispanic/Non-Latino (HUD),62.0,864.5
440230,Male,Black or African American (HUD),Non-Hispanic/Non-Latino (HUD),43.0,790.0
440231,Male,Black or African American (HUD),Non-Hispanic/Non-Latino (HUD),40.0,733.0
440335,Male,Black or African American (HUD),Non-Hispanic/Non-Latino (HUD),50.0,700.0
440604,Male,White (HUD),Non-Hispanic/Non-Latino (HUD),63.0,1679.0
440820,Male,Black or African American (HUD),Non-Hispanic/Non-Latino (HUD),32.0,733.0
441070,Male,Black or African American (HUD),Non-Hispanic/Non-Latino (HUD),28.0,1000.0
441221,Male,Black or African American (HUD),Non-Hispanic/Non-Latino (HUD),61.833333333333336,1003.0
441505,Male,Black or African American (HUD),Non-Hispanic/Non-Latino (HUD),52.5,350.0
441507,Male,Black or African American (HUD),Non-Hispanic/Non-Latino (HUD),59.5,340.0
441508,Male,Black or African American (HUD),Non-Hispanic/Non-Latino (HUD),53.0,1600.0
441636,Male,Black or African American (HUD),Non-Hispanic/Non-Latino (HUD),26.0,1200.0
441891,Male,Black or African American (HUD),Non-Hispanic/Non-Latino (HUD),57.0,2400.0
442102,Male,White (HUD),Non-Hispanic/Non-Latino (HUD),24.0,200.0
442103,Male,White (HUD),Non-Hispanic/Non-Latino (HUD),45.0,800.0
442585,Male,Black or African American (HUD),Non-Hispanic/Non-Latino (HUD),60.0,500.0
442949,Female,Black or African American (HUD),Non-Hispanic/Non-Latino (HUD),38.333333333333336,734.0
443052,Male,Black or African American (HUD),Non-Hispanic/Non-Latino (HUD),70.0,1047.0
443138,Male,White (HUD),Non-Hispanic/Non-Latino (HUD),31.0,2000.0
443341,Male,White (HUD),Non-Hispanic/Non-Latino (HUD),60.0,538.5
443459,Male,Black or African American (HUD),Non-Hispanic/Non-Latino (HUD),43.0,733.0
443933,Male,White (HUD),Non-Hispanic/Non-Latino (HUD),51.0,1200.0
444026,Male,Black or African American (HUD),Non-Hispanic/Non-Latino (HUD),60.0,1000.0
444293,Male,Black or African American (HUD),Non-Hispanic/Non-Latino (HUD),50.5,1150.0
444360,Male,Black or African American (HUD),Non-Hispanic/Non-Latino (HUD),41.0,133.0
444667,Male,White (HUD),Non-Hispanic/Non-Latino (HUD),57.0,1500.0
444764,Female,Black or African American (HUD),Non-Hispanic/Non-Latino (HUD),41.0,700.0
444910,Male,Black or African American (HUD),Non-Hispanic/Non-Latino (HUD),45.0,1200.0
444974,Female,Black or African American (HUD),Non-Hispanic/Non-Latino (HUD),28.0,600.0
445154,Female,White (HUD),Non-Hispanic/Non-Latino (HUD),23.0,488.0
445155,Female,Black or African American (HUD),Non-Hispanic/Non-Latino (HUD),32.0,200.0
445161,Male,Black or African American (HUD),Non-Hispanic/Non-Latino (HUD),47.0,1200.0
445162,Male,Black or African American (HUD),Non-Hispanic/Non-Latino (HUD),74.0,593.0
445701,Male,Black or African American (HUD),Non-Hispanic/Non-Latino (HUD),57.0,616.0
446077,Female,White (HUD),Non-Hispanic/Non-Latino (HUD),68.0,1000.0
446388,Male,White (HUD),Non-Hispanic/Non-Latino (HUD),38.0,740.0
447152,Male,Black or African American (HUD),Non-Hispanic/Non-Latino (HUD),22.166666666666668,750.0
447171,Male,White (HUD),Non-Hispanic/Non-Latino (HUD),69.0,300.0
447283,Male,Black or African American (HUD),Non-Hispanic/Non-Latino (HUD),58.5,665.0
447383,Male,Black or African American (HUD),Non-Hispanic/Non-Latino (HUD),51.0,1600.0
447680,Male,Black or African American (HUD),Non-Hispanic/Non-Latino (HUD),53.0,733.0
447760,Female,White (HUD),Non-Hispanic/Non-Latino (HUD),51.0,1309.0
447807,Male,Black or African American (HUD),Non-Hispanic/Non-Latino (HUD),47.0,1200.0
447809,Male,Black or African American (HUD),Non-Hispanic/Non-Latino (HUD),43.0,340.0
448175,Male,Black or African American (HUD),Non-Hispanic/Non-Latino (HUD),23.0,1450.0
448688,Female,Black or African American (HUD),Non-Hispanic/Non-Latino (HUD),52.0,924.0
448742,Male,Black or African American (HUD),Non-Hispanic/Non-Latino (HUD),62.0,1200.0
448799,Male,Black or African American (HUD),Non-Hispanic/Non-Latino (HUD),66.0,1000.0
449483,Female,Black or African American (HUD),Non-Hispanic/Non-Latino (HUD),66.5,263.0
449484,Female,White (HUD),Non-Hispanic/Non-Latino (HUD),57.0,735.0
449670,Female,Black or African American (HUD),Non-Hispanic/Non-Latino (HUD),45.0,500.0
449958,Male,Black or African American (HUD),Non-Hispanic/Non-Latino (HUD),68.0,525.0
450717,Male,Black or African American (HUD),Non-Hispanic/Non-Latino (HUD),24.0,300.0
450719,Male,Black or African American (HUD),Non-Hispanic/Non-Latino (HUD),63.0,731.0
450723,Female,Black or African American (HUD),Non-Hispanic/Non-Latino (HUD),54.0,376.5
450898,Female,Black or African American (HUD),Non-Hispanic/Non-Latino (HUD),27.0,735.0
451176,Female,White (HUD),Non-Hispanic/Non-Latino (HUD),49.0,377.5
451207,Male,Black or African American (HUD),Non-Hispanic/Non-Latino (HUD),38.0,1200.0
451491,Female,Black or African American (HUD),Non-Hispanic/Non-Latino (HUD),47.0,735.0
451680,Male,Black or African American (HUD),Non-Hispanic/Non-Latino (HUD),67.0,900.0
451796,Male,White (HUD),Non-Hispanic/Non-Latino (HUD),50.0,1124.0
451797,Male,White (HUD),Non-Hispanic/Non-Latino (HUD),60.0,750.0
451900,Male,Black or African American (HUD),Non-Hispanic/Non-Latino (HUD),46.0,2400.0
451901,Male,Black or African American (HUD),Non-Hispanic/Non-Latino (HUD),46.0,1100.0
451981,Female,Black or African American (HUD),Non-Hispanic/Non-Latino (HUD),42.0,1250.0
452111,Male,Black or African American (HUD),Non-Hispanic/Non-Latino (HUD),26.0,2000.0
452193,Male,Black or African American (HUD),Non-Hispanic/Non-Latino (HUD),49.0,857.0
452581,Female,Black or African American (HUD),Non-Hispanic/Non-Latino (HUD),50.666666666666664,2314.0
452582,Female,Black or African American (HUD),Non-Hispanic/Non-Latino (HUD),24.833333333333332,741.0
452667,Male,Black or African American (HUD),Non-Hispanic/Non-Latino (HUD),37.0,1200.0
452762,Female,Black or African American (HUD),Non-Hispanic/Non-Latino (HUD),45.5,735.0
452931,Male,Black or African American (HUD),Non-Hispanic/Non-Latino (HUD),49.333333333333336,500.0
452947,Male,White (HUD),Non-Hispanic/Non-Latino (HUD),53.0,1144.0
453206,Male,White (HUD),Non-Hispanic/Non-Latino (HUD),41.0,1000.0
453208,Male,Black or African American (HUD),Non-Hispanic/Non-Latino (HUD),61.0,735.0
453690,Male,Black or African American (HUD),Non-Hispanic/Non-Latino (HUD),47.5,1000.0
454320,Male,Black or African American (HUD),Non-Hispanic/Non-Latino (HUD),42.0,735.0
454737,Male,Black or African American (HUD),Non-Hispanic/Non-Latino (HUD),44.0,833.0
455002,Male,White (HUD),Hispanic/Latino (HUD),36.0,735.0
455112,Male,Black or African American (HUD),Non-Hispanic/Non-Latino (HUD),32.0,1100.0
455254,Female,White (HUD),Non-Hispanic/Non-Latino (HUD),65.5,451.0
455775,Male,Black or African American (HUD),Non-Hispanic/Non-Latino (HUD),60.0,1120.0
455984,Male,Black or African American (HUD),Non-Hispanic/Non-Latino (HUD),54.0,549.0
456071,Female,Black or African American (HUD),Non-Hispanic/Non-Latino (HUD),42.0,760.0
456554,Female,Black or African American (HUD),Non-Hispanic/Non-Latino (HUD),52.0,800.0
457200,Female,White (HUD),Non-Hispanic/Non-Latino (HUD),77.5,1688.0
457295,Female,Black or African American (HUD),Non-Hispanic/Non-Latino (HUD),42.0,600.0
457430,Female,White (HUD),Non-Hispanic/Non-Latino (HUD),57.0,735.0
457893,Male,Black or African American (HUD),Non-Hispanic/Non-Latino (HUD),54.5,700.0
458135,Male,Black or African American (HUD),Non-Hispanic/Non-Latino (HUD),30.0,1400.0
458217,Male,Black or African American (HUD),Non-Hispanic/Non-Latino (HUD),45.5,1414.5
458307,Male,Black or African American (HUD),Non-Hispanic/Non-Latino (HUD),26.0,800.0
458308,Male,Black or African American (HUD),Non-Hispanic/Non-Latino (HUD),72.0,1152.0
459027,Male,Black or African American (HUD),Non-Hispanic/Non-Latino (HUD),47.0,1082.0
460180,Male,White (HUD),Non-Hispanic/Non-Latino (HUD),35.0,936.0
460322,Male,Black or African American (HUD),Non-Hispanic/Non-Latino (HUD),29.0,1360.0
460324,Male,Black or African American (HUD),Non-Hispanic/Non-Latino (HUD),51.0,2000.0
460325,Male,Black or African American (HUD),Non-Hispanic/Non-Latino (HUD),51.0,733.0
460493,Female,White (HUD),Non-Hispanic/Non-Latino (HUD),53.0,948.0
460494,Male,Black or African American (HUD),Non-Hispanic/Non-Latino (HUD),38.0,620.0
460680,Male,Black or African American (HUD),Non-Hispanic/Non-Latino (HUD),28.0,800.0
460751,Female,Black or African American (HUD),Non-Hispanic/Non-Latino (HUD),25.0,735.0
460752,Female,Black or African American (HUD),Non-Hispanic/Non-Latino (HUD),24.5,600.0
460931,Male,Black or African American (HUD),Non-Hispanic/Non-Latino (HUD),53.0,735.0
461064,Male,Black or African American (HUD),Non-Hispanic/Non-Latino (HUD),51.0,580.0
461331,Female,Black or African American (HUD),Non-Hispanic/Non-Latino (HUD),57.5,735.0
461539,Male,White (HUD),Hispanic/Latino (HUD),32.0,1200.0
461540,Male,White (HUD),Non-Hispanic/Non-Latino (HUD),53.0,2000.0
461711,Female,Black or African American (HUD),Non-Hispanic/Non-Latino (HUD),45.0,1200.0
462367,Female,Black or African American (HUD),Non-Hispanic/Non-Latino (HUD),68.0,375.5
462598,Male,Black or African American (HUD),Non-Hispanic/Non-Latino (HUD),56.0,740.0
462599,Male,Black or African American (HUD),Non-Hispanic/Non-Latino (HUD),56.0,780.0
462600,Male,Black or African American (HUD),Non-Hispanic/Non-Latino (HUD),55.0,730.0
462808,Female,Black or African American (HUD),Non-Hispanic/Non-Latino (HUD),29.0,669.0
462809,Male,Black or African American (HUD),Non-Hispanic/Non-Latino (HUD),51.0,1078.0
463114,Male,White (HUD),Non-Hispanic/Non-Latino (HUD),53.4,1200.0
463514,Male,Black or African American (HUD),Non-Hispanic/Non-Latino (HUD),44.0,400.0
463515,Male,Black or African American (HUD),Non-Hispanic/Non-Latino (HUD),29.666666666666668,700.0
463800,Male,Black or African American (HUD),Non-Hispanic/Non-Latino (HUD),42.0,850.0
463843,Male,Black or African American (HUD),Non-Hispanic/Non-Latino (HUD),56.5,250.0
464163,Male,Black or African American (HUD),Non-Hispanic/Non-Latino (HUD),41.0,1000.0
464164,Male,Black or African American (HUD),Non-Hispanic/Non-Latino (HUD),32.0,1200.0
464307,Female,Black or African American (HUD),Non-Hispanic/Non-Latino (HUD),49.0,2800.0
464822,Male,White (HUD),Non-Hispanic/Non-Latino (HUD),28.0,1200.0
464823,Male,White (HUD),Non-Hispanic/Non-Latino (HUD),41.0,1800.0
464827,Female,Black or African American (HUD),Non-Hispanic/Non-Latino (HUD),56.0,1340.0
464874,Female,Black or African American (HUD),Non-Hispanic/Non-Latino (HUD),44.0,347.0
464948,Female,Black or African American (HUD),Non-Hispanic/Non-Latino (HUD),57.0,735.0
465430,Female,Black or African American (HUD),Non-Hispanic/Non-Latino (HUD),26.0,1000.0
465624,Female,Black or African American (HUD),Non-Hispanic/Non-Latino (HUD),56.0,1469.0
465810,Female,Black or African American (HUD),Non-Hispanic/Non-Latino (HUD),53.0,500.0
465903,Male,Black or African American (HUD),Non-Hispanic/Non-Latino (HUD),54.0,500.0
466391,Male,Black or African American (HUD),Non-Hispanic/Non-Latino (HUD),30.0,800.0
466502,Female,Black or African American (HUD),Non-Hispanic/Non-Latino (HUD),43.0,760.0
467120,Male,White (HUD),Non-Hispanic/Non-Latino (HUD),44.0,800.0
467133,Male,Black or African American (HUD),Non-Hispanic/Non-Latino (HUD),41.0,600.0
467137,Male,Black or African American (HUD),Non-Hispanic/Non-Latino (HUD),37.666666666666664,733.3333333333334
467633,Male,Black or African American (HUD),Non-Hispanic/Non-Latino (HUD),49.0,200.0
467639,Female,White (HUD),Non-Hispanic/Non-Latino (HUD),49.0,395.5
467749,Female,Black or African American (HUD),Non-Hispanic/Non-Latino (HUD),54.0,398.0
468158,Male,White (HUD),Non-Hispanic/Non-Latino (HUD),61.0,1200.0
468177,Male,White (HUD),Non-Hispanic/Non-Latino (HUD),27.0,600.0
468179,Male,Black or African American (HUD),Hispanic/Latino (HUD),40.666666666666664,750.0
468404,Male,Black or African American (HUD),Non-Hispanic/Non-Latino (HUD),69.5,899.0
468555,Male,White (HUD),Hispanic/Latino (HUD),41.333333333333336,733.0
468562,Female,White (HUD),Non-Hispanic/Non-Latino (HUD),62.0,374.5
468756,Male,White (HUD),Non-Hispanic/Non-Latino (HUD),72.0,1352.0
468757,Male,Black or African American (HUD),Non-Hispanic/Non-Latino (HUD),45.0,500.0
469076,Female,White (HUD),Non-Hispanic/Non-Latino (HUD),58.0,132.0
469497,Male,Black or African American (HUD),Non-Hispanic/Non-Latino (HUD),60.0,1252.5
469688,Male,White (HUD),Non-Hispanic/Non-Latino (HUD),56.0,600.0
469689,Male,Black or African American (HUD),Non-Hispanic/Non-Latino (HUD),27.0,2000.0
469821,Male,White (HUD),Non-Hispanic/Non-Latino (HUD),70.0,783.0
470290,Male,Black or African American (HUD),Non-Hispanic/Non-Latino (HUD),33.0,1000.0
470402,Female,Black or African American (HUD),Non-Hispanic/Non-Latino (HUD),31.0,490.0
471315,Female,Black or African American (HUD),Non-Hispanic/Non-Latino (HUD),33.0,735.0
472189,Male,Black or African American (HUD),Non-Hispanic/Non-Latino (HUD),32.0,700.0
472573,Male,Black or African American (HUD),Non-Hispanic/Non-Latino (HUD),30.0,350.0
472730,Male,Black or African American (HUD),Non-Hispanic/Non-Latino (HUD),49.0,50.0
473014,Male,Black or African American (HUD),Non-Hispanic/Non-Latino (HUD),32.0,800.0
473521,Female,White (HUD),Non-Hispanic/Non-Latino (HUD),64.0,366.5
473523,Male,Black or African American (HUD),Non-Hispanic/Non-Latino (HUD),29.0,750.0
473525,Female,White (HUD),Non-Hispanic/Non-Latino (HUD),55.0,400.0
473630,Male,Black or African American (HUD),Non-Hispanic/Non-Latino (HUD),20.0,1200.0
473723,Male,Black or African American (HUD),Non-Hispanic/Non-Latino (HUD),55.0,300.0
474120,Male,Black or African American (HUD),Non-Hispanic/Non-Latino (HUD),43.0,1600.0
474121,Male,Black or African American (HUD),Non-Hispanic/Non-Latino (HUD),18.0,900.0
474416,Female,Black or African American (HUD),Non-Hispanic/Non-Latino (HUD),50.0,350.0
474517,Female,White (HUD),Non-Hispanic/Non-Latino (HUD),31.0,1600.0
474593,Male,Black or African American (HUD),Non-Hispanic/Non-Latino (HUD),18.0,800.0
474630,Male,Black or African American (HUD),Non-Hispanic/Non-Latino (HUD),47.333333333333336,2000.0
474631,Female,White (HUD),Non-Hispanic/Non-Latino (HUD),43.5,850.0
474632,Male,Black or African American (HUD),Non-Hispanic/Non-Latino (HUD),51.0,805.0
474854,Male,Black or African American (HUD),Non-Hispanic/Non-Latino (HUD),21.0,750.0
475362,Male,White (HUD),Non-Hispanic/Non-Latino (HUD),23.0,750.0
475701,Male,White (HUD),Non-Hispanic/Non-Latino (HUD),43.5,642.0
476246,Female,American Indian or Alaska Native (HUD),Non-Hispanic/Non-Latino (HUD),68.0,483.0
476451,Male,Black or African American (HUD),Non-Hispanic/Non-Latino (HUD),49.0,750.0
476599,Female,White (HUD),Non-Hispanic/Non-Latino (HUD),73.0,1135.0
476863,Male,Black or African American (HUD),Non-Hispanic/Non-Latino (HUD),63.5,590.0
476865,Male,White (HUD),Non-Hispanic/Non-Latino (HUD),49.0,815.0
477001,Male,Black or African American (HUD),Non-Hispanic/Non-Latino (HUD),20.333333333333332,850.0
477002,Male,Black or African American (HUD),Non-Hispanic/Non-Latino (HUD),49.0,800.0
477092,Female,Black or African American (HUD),Non-Hispanic/Non-Latino (HUD),25.0,1050.0
477245,Female,Black or African American (HUD),Non-Hispanic/Non-Latino (HUD),56.0,340.0
477611,Male,Black or African American (HUD),Non-Hispanic/Non-Latino (HUD),41.666666666666664,1112.0
477723,Male,Black or African American (HUD),Non-Hispanic/Non-Latino (HUD),66.0,770.0
478304,Male,Black or African American (HUD),Non-Hispanic/Non-Latino (HUD),69.0,700.0
478519,Male,Black or African American (HUD),Non-Hispanic/Non-Latino (HUD),29.0,1300.0
478890,Male,Black or African American (HUD),Non-Hispanic/Non-Latino (HUD),66.0,991.0
478891,Male,White (HUD),Non-Hispanic/Non-Latino (HUD),52.0,600.0
478893,Male,Black or African American (HUD),Non-Hispanic/Non-Latino (HUD),58.0,1600.0
479279,Male,Black or African American (HUD),Non-Hispanic/Non-Latino (HUD),32.0,735.0
479292,Male,Black or African American (HUD),Non-Hispanic/Non-Latino (HUD),26.0,1544.0
479359,Female,Black or African American (HUD),Non-Hispanic/Non-Latino (HUD),58.0,1600.0
479753,Male,Black or African American (HUD),Non-Hispanic/Non-Latino (HUD),21.0,800.0
479754,Male,Black or African American (HUD),Non-Hispanic/Non-Latino (HUD),35.0,778.0
479756,Female,Black or African American (HUD),Non-Hispanic/Non-Latino (HUD),34.0,540.8
479757,Female,Black or African American (HUD),Non-Hispanic/Non-Latino (HUD),51.0,750.0
479760,Male,Black or African American (HUD),Non-Hispanic/Non-Latino (HUD),30.0,1400.0
479983,Male,Native Hawaiian or Other Pacific Islander (HUD),Non-Hispanic/Non-Latino (HUD),25.0,750.0
481015,Male,Black or African American (HUD),Non-Hispanic/Non-Latino (HUD),52.0,800.0
481016,Male,Black or African American (HUD),Non-Hispanic/Non-Latino (HUD),45.0,950.0
481110,Male,American Indian or Alaska Native (HUD),Non-Hispanic/Non-Latino (HUD),41.333333333333336,1000.0
481111,Male,Black or African American (HUD),Non-Hispanic/Non-Latino (HUD),63.666666666666664,485.0
481377,Female,Black or African American (HUD),Non-Hispanic/Non-Latino (HUD),69.0,815.5
481378,Male,Black or African American (HUD),Non-Hispanic/Non-Latino (HUD),38.0,1000.0
481382,Male,Black or African American (HUD),Hispanic/Latino (HUD),18.0,1000.0
481515,Trans Female (MTF or Male to Female),Black or African American (HUD),Non-Hispanic/Non-Latino (HUD),34.0,750.0
481784,Female,Black or African American (HUD),Non-Hispanic/Non-Latino (HUD),38.0,1013.0
482007,Male,Black or African American (HUD),Non-Hispanic/Non-Latino (HUD),54.5,498.5
482008,Male,White (HUD),Non-Hispanic/Non-Latino (HUD),24.0,725.0
483566,Male,White (HUD),Non-Hispanic/Non-Latino (HUD),70.0,1200.0
483773,Male,Black or African American (HUD),Non-Hispanic/Non-Latino (HUD),70.0,3200.0
484080,Male,Black or African American (HUD),Non-Hispanic/Non-Latino (HUD),73.0,1200.0
484674,Male,Black or African American (HUD),Non-Hispanic/Non-Latino (HUD),63.0,815.0
484927,Male,Black or African American (HUD),Non-Hispanic/Non-Latino (HUD),56.0,1200.0
485129,Male,White (HUD),Non-Hispanic/Non-Latino (HUD),34.0,1425.0
485223,Male,Black or African American (HUD),Non-Hispanic/Non-Latino (HUD),22.0,300.0
485403,Female,Black or African American (HUD),Non-Hispanic/Non-Latino (HUD),26.0,750.0
485472,Male,American Indian or Alaska Native (HUD),Non-Hispanic/Non-Latino (HUD),54.0,961.0
485955,Female,White (HUD),Non-Hispanic/Non-Latino (HUD),25.0,750.0
486416,Male,Black or African American (HUD),Non-Hispanic/Non-Latino (HUD),53.0,750.0
486862,Male,Black or African American (HUD),Non-Hispanic/Non-Latino (HUD),37.0,800.0
487060,Male,Black or African American (HUD),Non-Hispanic/Non-Latino (HUD),63.0,750.0
487375,Female,Black or African American (HUD),Non-Hispanic/Non-Latino (HUD),58.0,738.0
487665,Male,Black or African American (HUD),Non-Hispanic/Non-Latino (HUD),35.0,1600.0
487911,Female,Black or African American (HUD),Non-Hispanic/Non-Latino (HUD),43.0,771.0
487992,Male,Black or African American (HUD),Non-Hispanic/Non-Latino (HUD),60.0,700.0
488240,Male,White (HUD),Non-Hispanic/Non-Latino (HUD),25.5,1600.0
488736,Male,White (HUD),Non-Hispanic/Non-Latino (HUD),54.0,750.0
488737,Female,White (HUD),Non-Hispanic/Non-Latino (HUD),24.0,1200.0
488936,Male,Black or African American (HUD),Non-Hispanic/Non-Latino (HUD),63.0,90.0
489122,Male,Black or African American (HUD),Non-Hispanic/Non-Latino (HUD),57.0,800.0
489666,Male,Black or African American (HUD),Non-Hispanic/Non-Latino (HUD),76.0,1293.0
489790,Male,White (HUD),Non-Hispanic/Non-Latino (HUD),35.0,385.0
489875,Male,White (HUD),Non-Hispanic/Non-Latino (HUD),60.0,1208.0
490730,Male,Black or African American (HUD),Non-Hispanic/Non-Latino (HUD),51.0,200.0
490732,Female,White (HUD),Hispanic/Latino (HUD),40.0,730.0
492054,Male,Black or African American (HUD),Non-Hispanic/Non-Latino (HUD),47.5,745.0
492213,Male,Black or African American (HUD),Non-Hispanic/Non-Latino (HUD),53.0,2712.0
492595,Female,Black or African American (HUD),Non-Hispanic/Non-Latino (HUD),27.0,750.0
493023,Male,Black or African American (HUD),Non-Hispanic/Non-Latino (HUD),41.0,600.0
493476,Male,White (HUD),Non-Hispanic/Non-Latino (HUD),43.0,845.0
493723,Female,Black or African American (HUD),Non-Hispanic/Non-Latino (HUD),44.0,750.0
493799,Male,Black or African American (HUD),Non-Hispanic/Non-Latino (HUD),77.0,700.0
494064,Male,Black or African American (HUD),Non-Hispanic/Non-Latino (HUD),45.0,800.0
494120,Female,American Indian or Alaska Native (HUD),Non-Hispanic/Non-Latino (HUD),55.0,2900.0
494261,Male,Black or African American (HUD),Non-Hispanic/Non-Latino (HUD),49.333333333333336,1000.0
494262,Female,Black or African American (HUD),Non-Hispanic/Non-Latino (HUD),50.0,861.0
494565,Male,Black or African American (HUD),Non-Hispanic/Non-Latino (HUD),49.0,500.0
495022,Female,Black or African American (HUD),Non-Hispanic/Non-Latino (HUD),48.0,894.0
495393,Female,Black or African American (HUD),Non-Hispanic/Non-Latino (HUD),44.0,750.0
495616,Female,White (HUD),Non-Hispanic/Non-Latino (HUD),38.0,300.0
495985,Male,Black or African American (HUD),Non-Hispanic/Non-Latino (HUD),35.0,750.0
496402,Male,Black or African American (HUD),Non-Hispanic/Non-Latino (HUD),66.0,800.0
497056,Female,Black or African American (HUD),Non-Hispanic/Non-Latino (HUD),65.0,602.0
497406,Male,Black or African American (HUD),Non-Hispanic/Non-Latino (HUD),55.0,777.5
498153,Male,White (HUD),Non-Hispanic/Non-Latino (HUD),28.0,700.0
498539,Female,White (HUD),Non-Hispanic/Non-Latino (HUD),31.0,693.0
498577,Female,White (HUD),Non-Hispanic/Non-Latino (HUD),47.0,695.0
498604,Male,Black or African American (HUD),Non-Hispanic/Non-Latino (HUD),42.0,1600.0
498675,Male,Black or African American (HUD),Non-Hispanic/Non-Latino (HUD),24.0,400.0
499237,Female,Black or African American (HUD),Non-Hispanic/Non-Latino (HUD),40.0,800.0
499239,Male,Black or African American (HUD),Non-Hispanic/Non-Latino (HUD),26.0,800.0
499578,Female,Black or African American (HUD),Non-Hispanic/Non-Latino (HUD),20.0,80.0
499579,Male,Black or African American (HUD),Non-Hispanic/Non-Latino (HUD),31.0,600.0
499959,Female,Black or African American (HUD),Non-Hispanic/Non-Latino (HUD),67.0,1400.0
500604,Male,Black or African American (HUD),Non-Hispanic/Non-Latino (HUD),63.0,671.0
500803,Male,Black or African American (HUD),Non-Hispanic/Non-Latino (HUD),47.0,1200.0
500865,Male,Black or African American (HUD),Non-Hispanic/Non-Latino (HUD),43.0,525.0
501202,Female,Black or African American (HUD),Non-Hispanic/Non-Latino (HUD),53.0,740.0
501203,Male,Native Hawaiian or Other Pacific Islander (HUD),Non-Hispanic/Non-Latino (HUD),49.0,70.0
501345,Female,White (HUD),Non-Hispanic/Non-Latino (HUD),42.0,928.0
501347,Female,Black or African American (HUD),Non-Hispanic/Non-Latino (HUD),50.0,771.0
501460,Male,Black or African American (HUD),Non-Hispanic/Non-Latino (HUD),48.0,52.0
503164,Male,Black or African American (HUD),Non-Hispanic/Non-Latino (HUD),50.0,857.6666666666666
503355,Male,Black or African American (HUD),Non-Hispanic/Non-Latino (HUD),20.0,800.0
503401,Male,White (HUD),Non-Hispanic/Non-Latino (HUD),59.0,268.0
503403,Male,Black or African American (HUD),Non-Hispanic/Non-Latino (HUD),56.0,900.0
503404,Male,Black or African American (HUD),Non-Hispanic/Non-Latino (HUD),35.0,663.0
503688,Male,Black or African American (HUD),Non-Hispanic/Non-Latino (HUD),66.0,1127.0
506343,Male,Black or African American (HUD),Non-Hispanic/Non-Latino (HUD),31.0,1800.0
506360,Female,Black or African American (HUD),Non-Hispanic/Non-Latino (HUD),27.0,2400.0
507760,Female,White (HUD),Non-Hispanic/Non-Latino (HUD),64.0,747.0
508715,Male,Black or African American (HUD),Non-Hispanic/Non-Latino (HUD),51.0,1600.0
508716,Male,Black or African American (HUD),Non-Hispanic/Non-Latino (HUD),48.0,2000.0
508718,Male,Black or African American (HUD),Non-Hispanic/Non-Latino (HUD),60.0,540.0
508723,Male,White (HUD),Non-Hispanic/Non-Latino (HUD),28.0,600.0
508724,Male,Black or African American (HUD),Non-Hispanic/Non-Latino (HUD),24.0,700.0
508797,Male,Black or African American (HUD),Non-Hispanic/Non-Latino (HUD),58.0,800.0
508798,Male,Black or African American (HUD),Non-Hispanic/Non-Latino (HUD),50.0,1200.0
508838,Female,Black or African American (HUD),Non-Hispanic/Non-Latino (HUD),50.0,1800.0
509239,Female,Black or African American (HUD),Non-Hispanic/Non-Latino (HUD),71.0,1394.0
509654,Female,White (HUD),Non-Hispanic/Non-Latino (HUD),52.5,1540.0
509783,Male,Black or African American (HUD),Non-Hispanic/Non-Latino (HUD),47.0,1600.0
509869,Female,American Indian or Alaska Native (HUD),Non-Hispanic/Non-Latino (HUD),53.0,2100.0
509874,Male,Black or African American (HUD),Non-Hispanic/Non-Latino (HUD),24.0,2000.0
510435,Trans Female (MTF or Male to Female),White (HUD),Non-Hispanic/Non-Latino (HUD),48.0,111.0
510453,Male,Black or African American (HUD),Non-Hispanic/Non-Latino (HUD),50.0,754.0
510454,Female,Black or African American (HUD),Non-Hispanic/Non-Latino (HUD),45.0,1440.0
510543,Male,Black or African American (HUD),Non-Hispanic/Non-Latino (HUD),32.0,2000.0
510912,Male,Black or African American (HUD),Non-Hispanic/Non-Latino (HUD),45.0,720.0
511675,Male,White (HUD),Non-Hispanic/Non-Latino (HUD),67.0,1100.0
1000005,Male,Black or African American (HUD),Non-Hispanic/Non-Latino (HUD),37.0,1200.0
1000110,Female,White (HUD),Non-Hispanic/Non-Latino (HUD),64.0,1170.0
1000112,Female,Black or African American (HUD),Non-Hispanic/Non-Latino (HUD),49.0,771.0
1000135,Female,Black or African American (HUD),Non-Hispanic/Non-Latino (HUD),51.0,400.0
1000452,Male,Black or African American (HUD),Non-Hispanic/Non-Latino (HUD),54.0,750.0
1000750,Male,Black or African American (HUD),Hispanic/Latino (HUD),65.0,647.0
1000985,Male,Black or African American (HUD),Non-Hispanic/Non-Latino (HUD),64.0,500.0
1001336,Male,Black or African American (HUD),Non-Hispanic/Non-Latino (HUD),34.75,1200.0
1001409,Female,Black or African American (HUD),Non-Hispanic/Non-Latino (HUD),43.0,791.0
1001534,Male,Black or African American (HUD),Non-Hispanic/Non-Latino (HUD),55.0,900.0
1001777,Female,Black or African American (HUD),Non-Hispanic/Non-Latino (HUD),46.0,817.0
1001911,Male,Black or African American (HUD),Non-Hispanic/Non-Latino (HUD),52.0,240.0
1002007,Male,White (HUD),Hispanic/Latino (HUD),37.0,3000.0
1002177,Female,White (HUD),Non-Hispanic/Non-Latino (HUD),65.0,804.0
1002210,Female,White (HUD),Non-Hispanic/Non-Latino (HUD),61.0,722.0
1002246,Male,Black or African American (HUD),Non-Hispanic/Non-Latino (HUD),64.0,940.0
1002377,Female,Black or African American (HUD),Non-Hispanic/Non-Latino (HUD),32.0,1700.0
1002385,Male,White (HUD),Non-Hispanic/Non-Latino (HUD),60.0,888.0
1002542,Female,Black or African American (HUD),Non-Hispanic/Non-Latino (HUD),36.0,1750.0
1002547,Male,Black or African American (HUD),Non-Hispanic/Non-Latino (HUD),53.0,1480.0
1002914,Male,Black or African American (HUD),Non-Hispanic/Non-Latino (HUD),40.0,1600.0
1003061,Male,White (HUD),Non-Hispanic/Non-Latino (HUD),59.0,755.0
1003175,Female,White (HUD),Non-Hispanic/Non-Latino (HUD),74.0,3175.0
1003407,Male,Black or African American (HUD),Non-Hispanic/Non-Latino (HUD),32.0,800.0
1003567,Male,Black or African American (HUD),Non-Hispanic/Non-Latino (HUD),36.0,750.0
1003586,Female,Black or African American (HUD),Non-Hispanic/Non-Latino (HUD),55.0,507.0
1003614,Male,Black or African American (HUD),Non-Hispanic/Non-Latino (HUD),63.0,791.0
1003627,Male,Black or African American (HUD),Non-Hispanic/Non-Latino (HUD),58.0,768.0
1003651,Male,White (HUD),Non-Hispanic/Non-Latino (HUD),53.0,854.0
1003773,Male,Black or African American (HUD),Non-Hispanic/Non-Latino (HUD),70.0,899.0
1004266,Male,Black or African American (HUD),Non-Hispanic/Non-Latino (HUD),59.0,1500.0
